1668177617,753911460,0.4768276810646057,-0.6699355840682983,-0.013015028089284897,0.0038516903296113014,-0.0005860832752659917,-0.9490320682525635,0.3151552975177765
1668177617,802104975,0.4768276810646057,-0.6699355840682983,-0.013015028089284897,0.0038516903296113014,-0.0005860832752659917,-0.9490320682525635,0.3151552975177765
1668177617,849854198,0.4768276810646057,-0.6699355840682983,-0.013015028089284897,0.0038516903296113014,-0.0005860832752659917,-0.9490320682525635,0.3151552975177765
1668177617,898331277,0.4768276810646057,-0.6699355840682983,-0.013015028089284897,0.0038516903296113014,-0.0005860832752659917,-0.9490320682525635,0.3151552975177765
1668177617,961741680,0.4768276810646057,-0.6699355840682983,-0.013015028089284897,0.0038516903296113014,-0.0005860832752659917,-0.9490320682525635,0.3151552975177765
1668177618,11171340,0.4768276810646057,-0.6699355840682983,-0.013015028089284897,0.0038516903296113014,-0.0005860832752659917,-0.9490320682525635,0.3151552975177765
1668177618,57561167,0.4768276810646057,-0.6699355840682983,-0.013015028089284897,0.0038516903296113014,-0.0005860832752659917,-0.9490320682525635,0.3151552975177765
1668177618,106860272,0.4768276810646057,-0.6699355840682983,-0.013015028089284897,0.0038516903296113014,-0.0005860832752659917,-0.9490320682525635,0.3151552975177765
1668177618,153874685,0.4768276810646057,-0.6699355840682983,-0.013015028089284897,0.0038516903296113014,-0.0005860832752659917,-0.9490320682525635,0.3151552975177765
1668177618,202185903,0.4768276810646057,-0.6699355840682983,-0.013015028089284897,0.0038516903296113014,-0.0005860832752659917,-0.9490320682525635,0.3151552975177765
1668177618,250385775,0.4768276810646057,-0.6699355840682983,-0.013015028089284897,0.0038516903296113014,-0.0005860832752659917,-0.9490320682525635,0.3151552975177765
1668177618,298476127,0.4768276810646057,-0.6699355840682983,-0.013015028089284897,0.0038516903296113014,-0.0005860832752659917,-0.9490320682525635,0.3151552975177765
1668177618,361778562,0.4768276810646057,-0.6699355840682983,-0.013015028089284897,0.0038516903296113014,-0.0005860832752659917,-0.9490320682525635,0.3151552975177765
1668177618,410356306,0.4768276810646057,-0.6699355840682983,-0.013015028089284897,0.0038516903296113014,-0.0005860832752659917,-0.9490320682525635,0.3151552975177765
1668177618,458163034,0.4768276810646057,-0.6699355840682983,-0.013015028089284897,0.0038516903296113014,-0.0005860832752659917,-0.9490320682525635,0.3151552975177765
1668177618,505860820,0.4768276810646057,-0.6699355840682983,-0.013015028089284897,0.0038516903296113014,-0.0005860832752659917,-0.9490320682525635,0.3151552975177765
1668177618,553875644,0.4768276810646057,-0.6699355840682983,-0.013015028089284897,0.0038516903296113014,-0.0005860832752659917,-0.9490320682525635,0.3151552975177765
1668177618,602118207,0.4768276810646057,-0.6699355840682983,-0.013015028089284897,0.0038516903296113014,-0.0005860832752659917,-0.9490320682525635,0.3151552975177765
1668177618,650043478,0.4768276810646057,-0.6699355840682983,-0.013015028089284897,0.0038516903296113014,-0.0005860832752659917,-0.9490320682525635,0.3151552975177765
1668177618,698438391,0.4768276810646057,-0.6699355840682983,-0.013015028089284897,0.0038516903296113014,-0.0005860832752659917,-0.9490320682525635,0.3151552975177765
1668177618,761730479,0.4768276810646057,-0.6699355840682983,-0.013015028089284897,0.0038516903296113014,-0.0005860832752659917,-0.9490320682525635,0.3151552975177765
1668177618,810320787,0.4768276810646057,-0.6699355840682983,-0.013015028089284897,0.0038516903296113014,-0.0005860832752659917,-0.9490320682525635,0.3151552975177765
1668177618,858706804,0.4768276810646057,-0.6699355840682983,-0.013015028089284897,0.0038516903296113014,-0.0005860832752659917,-0.9490320682525635,0.3151552975177765
1668177618,905855733,0.4768276810646057,-0.6699355840682983,-0.013015028089284897,0.0038516903296113014,-0.0005860832752659917,-0.9490320682525635,0.3151552975177765
1668177618,953883395,0.4768276810646057,-0.6699355840682983,-0.013015028089284897,0.0038516903296113014,-0.0005860832752659917,-0.9490320682525635,0.3151552975177765
1668177619,2132560,0.4768276810646057,-0.6699355840682983,-0.013015028089284897,0.0038516903296113014,-0.0005860832752659917,-0.9490320682525635,0.3151552975177765
1668177619,51042861,0.4768276810646057,-0.6699355840682983,-0.013015028089284897,0.0038516903296113014,-0.0005860832752659917,-0.9490320682525635,0.3151552975177765
1668177619,98684340,0.4768276810646057,-0.6699355840682983,-0.013015028089284897,0.0038516903296113014,-0.0005860832752659917,-0.9490320682525635,0.3151552975177765
1668177619,145670161,0.4768276810646057,-0.6699355840682983,-0.013015028089284897,0.0038516903296113014,-0.0005860832752659917,-0.9490320682525635,0.3151552975177765
1668177619,210667653,0.4768276810646057,-0.6699355840682983,-0.013015028089284897,0.0038516903296113014,-0.0005860832752659917,-0.9490320682525635,0.3151552975177765
1668177619,259385066,0.4768276810646057,-0.6699355840682983,-0.013015028089284897,0.0038516903296113014,-0.0005860832752659917,-0.9490320682525635,0.3151552975177765
1668177619,305892024,0.4768276810646057,-0.6699355840682983,-0.013015028089284897,0.0038516903296113014,-0.0005860832752659917,-0.9490320682525635,0.3151552975177765
1668177619,353880993,0.4768276810646057,-0.6699355840682983,-0.013015028089284897,0.0038516903296113014,-0.0005860832752659917,-0.9490320682525635,0.3151552975177765
1668177619,401993624,0.4768276810646057,-0.6699355840682983,-0.013015028089284897,0.0038516903296113014,-0.0005860832752659917,-0.9490320682525635,0.3151552975177765
1668177619,454546244,0.4768276810646057,-0.6699355840682983,-0.013015028089284897,0.0038516903296113014,-0.0005860832752659917,-0.9490320682525635,0.3151552975177765
1668177619,499238458,0.4768276810646057,-0.6699355840682983,-0.013015028089284897,0.0038516903296113014,-0.0005860832752659917,-0.9490320682525635,0.3151552975177765
1668177619,545750448,0.4768276810646057,-0.6699355840682983,-0.013015028089284897,0.0038516903296113014,-0.0005860832752659917,-0.9490320682525635,0.3151552975177765
1668177619,610524720,0.4768276810646057,-0.6699355840682983,-0.013015028089284897,0.0038516903296113014,-0.0005860832752659917,-0.9490320682525635,0.3151552975177765
1668177619,658869276,0.4768276810646057,-0.6699355840682983,-0.013015028089284897,0.0038516903296113014,-0.0005860832752659917,-0.9490320682525635,0.3151552975177765
1668177619,705860571,0.4768276810646057,-0.6699355840682983,-0.013015028089284897,0.0038516903296113014,-0.0005860832752659917,-0.9490320682525635,0.3151552975177765
1668177619,753876282,0.4768276810646057,-0.6699355840682983,-0.013015028089284897,0.0038516903296113014,-0.0005860832752659917,-0.9490320682525635,0.3151552975177765
1668177619,801997062,0.4768276810646057,-0.6699355840682983,-0.013015028089284897,0.0038516903296113014,-0.0005860832752659917,-0.9490320682525635,0.3151552975177765
1668177619,851063501,0.4768276810646057,-0.6699355840682983,-0.013015028089284897,0.0038516903296113014,-0.0005860832752659917,-0.9490320682525635,0.3151552975177765
1668177619,897989558,0.4768276810646057,-0.6699355840682983,-0.013015028089284897,0.0038516903296113014,-0.0005860832752659917,-0.9490320682525635,0.3151552975177765
1668177619,946157274,0.4768276810646057,-0.6699355840682983,-0.013015028089284897,0.0038516903296113014,-0.0005860832752659917,-0.9490320682525635,0.3151552975177765
1668177620,10689282,0.4768276810646057,-0.6699355840682983,-0.013015028089284897,0.0038516903296113014,-0.0005860832752659917,-0.9490320682525635,0.3151552975177765
1668177620,58807280,0.4768276810646057,-0.6699355840682983,-0.013015028089284897,0.0038516903296113014,-0.0005860832752659917,-0.9490320682525635,0.3151552975177765
1668177620,105856813,0.4768276810646057,-0.6699355840682983,-0.013015028089284897,0.0038516903296113014,-0.0005860832752659917,-0.9490320682525635,0.3151552975177765
1668177620,153866332,0.4768276810646057,-0.6699355840682983,-0.013015028089284897,0.0038516903296113014,-0.0005860832752659917,-0.9490320682525635,0.3151552975177765
1668177620,202053789,0.4768276810646057,-0.6699355840682983,-0.013015028089284897,0.0038516903296113014,-0.0005860832752659917,-0.9490320682525635,0.3151552975177765
1668177620,250084254,0.4768276810646057,-0.6699355840682983,-0.013015028089284897,0.0038516903296113014,-0.0005860832752659917,-0.9490320682525635,0.3151552975177765
1668177620,297607475,0.4768276810646057,-0.6699355840682983,-0.013015028089284897,0.0038516903296113014,-0.0005860832752659917,-0.9490320682525635,0.3151552975177765
1668177620,346592836,0.4768276810646057,-0.6699355840682983,-0.013015028089284897,0.0038516903296113014,-0.0005860832752659917,-0.9490320682525635,0.3151552975177765
1668177620,409513211,0.4768276810646057,-0.6699355840682983,-0.013015028089284897,0.0038516903296113014,-0.0005860832752659917,-0.9490320682525635,0.3151552975177765
1668177620,458293986,0.4768276810646057,-0.6699355840682983,-0.013015028089284897,0.0038516903296113014,-0.0005860832752659917,-0.9490320682525635,0.3151552975177765
1668177620,505908714,0.4768276810646057,-0.6699355840682983,-0.013015028089284897,0.0038516903296113014,-0.0005860832752659917,-0.9490320682525635,0.3151552975177765
1668177620,553854448,0.4768276810646057,-0.6699355840682983,-0.013015028089284897,0.0038516903296113014,-0.0005860832752659917,-0.9490320682525635,0.3151552975177765
1668177620,603000109,0.4768276810646057,-0.6699355840682983,-0.013015028089284897,0.0038516903296113014,-0.0005860832752659917,-0.9490320682525635,0.3151552975177765
1668177620,650170469,0.4768276810646057,-0.6699355840682983,-0.013015028089284897,0.0038516903296113014,-0.0005860832752659917,-0.9490320682525635,0.3151552975177765
1668177620,697440438,0.4768276810646057,-0.6699355840682983,-0.013015028089284897,0.0038516903296113014,-0.0005860832752659917,-0.9490320682525635,0.3151552975177765
1668177620,746189187,0.4768276810646057,-0.6699355840682983,-0.013015028089284897,0.0038516903296113014,-0.0005860832752659917,-0.9490320682525635,0.3151552975177765
1668177620,810496523,0.4768276810646057,-0.6699355840682983,-0.013015028089284897,0.0038516903296113014,-0.0005860832752659917,-0.9490320682525635,0.3151552975177765
1668177620,857893493,0.4768276810646057,-0.6699355840682983,-0.013015028089284897,0.0038516903296113014,-0.0005860832752659917,-0.9490320682525635,0.3151552975177765
1668177620,905853060,0.4768276810646057,-0.6699355840682983,-0.013015028089284897,0.0038516903296113014,-0.0005860832752659917,-0.9490320682525635,0.3151552975177765
1668177620,953866628,0.4768276810646057,-0.6699355840682983,-0.013015028089284897,0.0038516903296113014,-0.0005860832752659917,-0.9490320682525635,0.3151552975177765
1668177621,1989669,0.4768276810646057,-0.6699355840682983,-0.013015028089284897,0.0038516903296113014,-0.0005860832752659917,-0.9490320682525635,0.3151552975177765
1668177621,50077277,0.4768276810646057,-0.6699355840682983,-0.013015028089284897,0.0038516903296113014,-0.0005860832752659917,-0.9490320682525635,0.3151552975177765
1668177621,98266903,0.4768276810646057,-0.6699355840682983,-0.013015028089284897,0.0038516903296113014,-0.0005860832752659917,-0.9490320682525635,0.3151552975177765
1668177621,146915790,0.4768276810646057,-0.6699355840682983,-0.013015028089284897,0.0038516903296113014,-0.0005860832752659917,-0.9490320682525635,0.3151552975177765
1668177621,210386295,0.4768276810646057,-0.6699355840682983,-0.013015028089284897,0.0038516903296113014,-0.0005860832752659917,-0.9490320682525635,0.3151552975177765
1668177621,258769270,0.4768276810646057,-0.6699355840682983,-0.013015028089284897,0.0038516903296113014,-0.0005860832752659917,-0.9490320682525635,0.3151552975177765
1668177621,306090456,0.4768276810646057,-0.6699355840682983,-0.013015028089284897,0.0038516903296113014,-0.0005860832752659917,-0.9490320682525635,0.3151552975177765
1668177621,354248096,0.4768276810646057,-0.6699355840682983,-0.013015028089284897,0.0038516903296113014,-0.0005860832752659917,-0.9490320682525635,0.3151552975177765
1668177621,401451184,0.4768276810646057,-0.6699355840682983,-0.013015028089284897,0.0038516903296113014,-0.0005860832752659917,-0.9490320682525635,0.3151552975177765
1668177621,450116642,0.4768276810646057,-0.6699355840682983,-0.013015028089284897,0.0038516903296113014,-0.0005860832752659917,-0.9490320682525635,0.3151552975177765
1668177621,499310613,0.4768276810646057,-0.6699355840682983,-0.013015028089284897,0.0038516903296113014,-0.0005860832752659917,-0.9490320682525635,0.3151552975177765
1668177621,561822983,0.4768276810646057,-0.6699355840682983,-0.013015028089284897,0.0038516903296113014,-0.0005860832752659917,-0.9490320682525635,0.3151552975177765
1668177621,609788256,0.4768276810646057,-0.6699355840682983,-0.013015028089284897,0.0038516903296113014,-0.0005860832752659917,-0.9490320682525635,0.3151552975177765
1668177621,658559751,0.4768276810646057,-0.6699355840682983,-0.013015028089284897,0.0038516903296113014,-0.0005860832752659917,-0.9490320682525635,0.3151552975177765
1668177621,706860590,0.4768276810646057,-0.6699355840682983,-0.013015028089284897,0.0038516903296113014,-0.0005860832752659917,-0.9490320682525635,0.3151552975177765
1668177621,754876684,0.4768276810646057,-0.6699355840682983,-0.013015028089284897,0.0038516903296113014,-0.0005860832752659917,-0.9490320682525635,0.3151552975177765
1668177621,801849194,0.4768276810646057,-0.6699355840682983,-0.013015028089284897,0.0038516903296113014,-0.0005860832752659917,-0.9490320682525635,0.3151552975177765
1668177621,850083513,0.4768276810646057,-0.6699355840682983,-0.013015028089284897,0.0038516903296113014,-0.0005860832752659917,-0.9490320682525635,0.3151552975177765
1668177621,899391562,0.4768276810646057,-0.6699355840682983,-0.013015028089284897,0.0038516903296113014,-0.0005860832752659917,-0.9490320682525635,0.3151552975177765
1668177621,961763029,0.4768276810646057,-0.6699355840682983,-0.013015028089284897,0.0038516903296113014,-0.0005860832752659917,-0.9490320682525635,0.3151552975177765
1668177622,10558520,0.4768276810646057,-0.6699355840682983,-0.013015028089284897,0.0038516903296113014,-0.0005860832752659917,-0.9490320682525635,0.3151552975177765
1668177622,58853018,0.4768276810646057,-0.6699355840682983,-0.013015028089284897,0.0038516903296113014,-0.0005860832752659917,-0.9490320682525635,0.3151552975177765
1668177622,106862915,0.4768276810646057,-0.6699355840682983,-0.013015028089284897,0.0038516903296113014,-0.0005860832752659917,-0.9490320682525635,0.3151552975177765
1668177622,153880466,0.4768276810646057,-0.6699355840682983,-0.013015028089284897,0.0038516903296113014,-0.0005860832752659917,-0.9490320682525635,0.3151552975177765
1668177622,201991928,0.4768276810646057,-0.6699355840682983,-0.013015028089284897,0.0038516903296113014,-0.0005860832752659917,-0.9490320682525635,0.3151552975177765
1668177622,251127912,0.4768276810646057,-0.6699355840682983,-0.013015028089284897,0.0038516903296113014,-0.0005860832752659917,-0.9490320682525635,0.3151552975177765
1668177622,298759308,0.4768276810646057,-0.6699355840682983,-0.013015028089284897,0.0038516903296113014,-0.0005860832752659917,-0.9490320682525635,0.3151552975177765
1668177622,362731712,0.4768276810646057,-0.6699355840682983,-0.013015028089284897,0.0038516903296113014,-0.0005860832752659917,-0.9490320682525635,0.3151552975177765
1668177622,411191481,0.4768276810646057,-0.6699355840682983,-0.013015028089284897,0.0038516903296113014,-0.0005860832752659917,-0.9490320682525635,0.3151552975177765
1668177622,458930412,0.4768276810646057,-0.6699355840682983,-0.013015028089284897,0.0038516903296113014,-0.0005860832752659917,-0.9490320682525635,0.3151552975177765
1668177622,506859136,0.4768276810646057,-0.6699355840682983,-0.013015028089284897,0.0038516903296113014,-0.0005860832752659917,-0.9490320682525635,0.3151552975177765
1668177622,553936017,0.4768276810646057,-0.6699355840682983,-0.013015028089284897,0.0038516903296113014,-0.0005860832752659917,-0.9490320682525635,0.3151552975177765
1668177622,602316032,0.4768276810646057,-0.6699355840682983,-0.013015028089284897,0.0038516903296113014,-0.0005860832752659917,-0.9490320682525635,0.3151552975177765
1668177622,651135900,0.4768276810646057,-0.6699355840682983,-0.013015028089284897,0.0038516903296113014,-0.0005860832752659917,-0.9490320682525635,0.3151552975177765
1668177622,698853892,0.4768276810646057,-0.6699355840682983,-0.013015028089284897,0.0038516903296113014,-0.0005860832752659917,-0.9490320682525635,0.3151552975177765
1668177622,761782393,0.4768276810646057,-0.6699355840682983,-0.013015028089284897,0.0038516903296113014,-0.0005860832752659917,-0.9490320682525635,0.3151552975177765
1668177622,811108635,0.4768276810646057,-0.6699355840682983,-0.013015028089284897,0.0038516903296113014,-0.0005860832752659917,-0.9490320682525635,0.3151552975177765
1668177622,859385836,0.4768276810646057,-0.6699355840682983,-0.013015028089284897,0.0038516903296113014,-0.0005860832752659917,-0.9490320682525635,0.3151552975177765
1668177622,906858140,0.4768276810646057,-0.6699355840682983,-0.013015028089284897,0.0038516903296113014,-0.0005860832752659917,-0.9490320682525635,0.3151552975177765
1668177622,953882891,0.4768276810646057,-0.6699355840682983,-0.013015028089284897,0.0038516903296113014,-0.0005860832752659917,-0.9490320682525635,0.3151552975177765
1668177623,2038993,0.4768276810646057,-0.6699355840682983,-0.013015028089284897,0.0038516903296113014,-0.0005860832752659917,-0.9490320682525635,0.3151552975177765
1668177623,51135606,0.4768276810646057,-0.6699355840682983,-0.013015028089284897,0.0038516903296113014,-0.0005860832752659917,-0.9490320682525635,0.3151552975177765
1668177623,98941467,0.4768276810646057,-0.6699355840682983,-0.013015028089284897,0.0038516903296113014,-0.0005860832752659917,-0.9490320682525635,0.3151552975177765
1668177623,162037974,0.4768276810646057,-0.6699355840682983,-0.013015028089284897,0.0038516903296113014,-0.0005860832752659917,-0.9490320682525635,0.3151552975177765
1668177623,211152458,0.4768276810646057,-0.6699355840682983,-0.013015028089284897,0.0038516903296113014,-0.0005860832752659917,-0.9490320682525635,0.3151552975177765
1668177623,259198524,0.4768276810646057,-0.6699355840682983,-0.013015028089284897,0.0038516903296113014,-0.0005860832752659917,-0.9490320682525635,0.3151552975177765
1668177623,305863136,0.4768276810646057,-0.6699355840682983,-0.013015028089284897,0.0038516903296113014,-0.0005860832752659917,-0.9490320682525635,0.3151552975177765
1668177623,353842523,0.4768276810646057,-0.6699355840682983,-0.013015028089284897,0.0038516903296113014,-0.0005860832752659917,-0.9490320682525635,0.3151552975177765
1668177623,401840136,0.4768276810646057,-0.6699355840682983,-0.013015028089284897,0.0038516903296113014,-0.0005860832752659917,-0.9490320682525635,0.3151552975177765
1668177623,451151090,0.4768276810646057,-0.6699355840682983,-0.013015028089284897,0.0038516903296113014,-0.0005860832752659917,-0.9490320682525635,0.3151552975177765
1668177623,499129927,0.4768276810646057,-0.6699355840682983,-0.013015028089284897,0.0038516903296113014,-0.0005860832752659917,-0.9490320682525635,0.3151552975177765
1668177623,545650890,0.4768276810646057,-0.6699355840682983,-0.013015028089284897,0.0038516903296113014,-0.0005860832752659917,-0.9490320682525635,0.3151552975177765
1668177623,610713794,0.4768276810646057,-0.6699355840682983,-0.013015028089284897,0.0038516903296113014,-0.0005860832752659917,-0.9490320682525635,0.3151552975177765
1668177623,659858148,0.4768276810646057,-0.6699355840682983,-0.013015028089284897,0.0038516903296113014,-0.0005860832752659917,-0.9490320682525635,0.3151552975177765
1668177623,706857437,0.4768276810646057,-0.6699355840682983,-0.013015028089284897,0.0038516903296113014,-0.0005860832752659917,-0.9490320682525635,0.3151552975177765
1668177623,754296737,0.4768276810646057,-0.6699355840682983,-0.013015028089284897,0.0038516903296113014,-0.0005860832752659917,-0.9490320682525635,0.3151552975177765
1668177623,802842336,0.4768276810646057,-0.6699355840682983,-0.013015028089284897,0.0038516903296113014,-0.0005860832752659917,-0.9490320682525635,0.3151552975177765
1668177623,851152532,0.4768276810646057,-0.6699355840682983,-0.013015028089284897,0.0038516903296113014,-0.0005860832752659917,-0.9490320682525635,0.3151552975177765
1668177623,899146827,0.4768276810646057,-0.6699355840682983,-0.013015028089284897,0.0038516903296113014,-0.0005860832752659917,-0.9490320682525635,0.3151552975177765
1668177623,946789018,0.4768276810646057,-0.6699355840682983,-0.013015028089284897,0.0038516903296113014,-0.0005860832752659917,-0.9490320682525635,0.3151552975177765
1668177624,10643221,0.4768276810646057,-0.6699355840682983,-0.013015028089284897,0.0038516903296113014,-0.0005860832752659917,-0.9490320682525635,0.3151552975177765
1668177624,58926704,0.4768276810646057,-0.6699355840682983,-0.013015028089284897,0.0038516903296113014,-0.0005860832752659917,-0.9490320682525635,0.3151552975177765
1668177624,106858962,0.4768276810646057,-0.6699355840682983,-0.013015028089284897,0.0038516903296113014,-0.0005860832752659917,-0.9490320682525635,0.3151552975177765
1668177624,154882478,0.4768276810646057,-0.6699355840682983,-0.013015028089284897,0.0038516903296113014,-0.0005860832752659917,-0.9490320682525635,0.3151552975177765
1668177624,202840307,0.4768276810646057,-0.6699355840682983,-0.013015028089284897,0.0038516903296113014,-0.0005860832752659917,-0.9490320682525635,0.3151552975177765
1668177624,251170057,0.4768276810646057,-0.6699355840682983,-0.013015028089284897,0.0038516903296113014,-0.0005860832752659917,-0.9490320682525635,0.3151552975177765
1668177624,298455508,0.4768276810646057,-0.6699355840682983,-0.013015028089284897,0.0038516903296113014,-0.0005860832752659917,-0.9490320682525635,0.3151552975177765
1668177624,362456180,0.4768276810646057,-0.6699355840682983,-0.013015028089284897,0.0038516903296113014,-0.0005860832752659917,-0.9490320682525635,0.3151552975177765
1668177624,411126183,0.4768276810646057,-0.6699355840682983,-0.013015028089284897,0.0038516903296113014,-0.0005860832752659917,-0.9490320682525635,0.3151552975177765
1668177624,458897502,0.4768276810646057,-0.6699355840682983,-0.013015028089284897,0.0038516903296113014,-0.0005860832752659917,-0.9490320682525635,0.3151552975177765
1668177624,506854821,0.4768276810646057,-0.6699355840682983,-0.013015028089284897,0.0038516903296113014,-0.0005860832752659917,-0.9490320682525635,0.3151552975177765
1668177624,554855628,0.4768276810646057,-0.6699355840682983,-0.013015028089284897,0.0038516903296113014,-0.0005860832752659917,-0.9490320682525635,0.3151552975177765
1668177624,602840454,0.4768276810646057,-0.6699355840682983,-0.013015028089284897,0.0038516903296113014,-0.0005860832752659917,-0.9490320682525635,0.3151552975177765
1668177624,651151579,0.4768276810646057,-0.6699355840682983,-0.013015028089284897,0.0038516903296113014,-0.0005860832752659917,-0.9490320682525635,0.3151552975177765
1668177624,699349049,0.4768276810646057,-0.6699355840682983,-0.013015028089284897,0.0038516903296113014,-0.0005860832752659917,-0.9490320682525635,0.3151552975177765
1668177624,746831377,0.4768276810646057,-0.6699355840682983,-0.013015028089284897,0.0038516903296113014,-0.0005860832752659917,-0.9490320682525635,0.3151552975177765
1668177624,810943076,0.4768276810646057,-0.6699355840682983,-0.013015028089284897,0.0038516903296113014,-0.0005860832752659917,-0.9490320682525635,0.3151552975177765
1668177624,858995477,0.4768276810646057,-0.6699355840682983,-0.013015028089284897,0.0038516903296113014,-0.0005860832752659917,-0.9490320682525635,0.3151552975177765
1668177624,906858708,0.4768276810646057,-0.6699355840682983,-0.013015028089284897,0.0038516903296113014,-0.0005860832752659917,-0.9490320682525635,0.3151552975177765
1668177624,954872120,0.4768276810646057,-0.6699355840682983,-0.013015028089284897,0.0038516903296113014,-0.0005860832752659917,-0.9490320682525635,0.3151552975177765
1668177625,2842101,0.4768276810646057,-0.6699355840682983,-0.013015028089284897,0.0038516903296113014,-0.0005860832752659917,-0.9490320682525635,0.3151552975177765
1668177625,51142422,0.4768276810646057,-0.6699355840682983,-0.013015028089284897,0.0038516903296113014,-0.0005860832752659917,-0.9490320682525635,0.3151552975177765
1668177625,99360285,0.4768276810646057,-0.6699355840682983,-0.013015028089284897,0.0038516903296113014,-0.0005860832752659917,-0.9490320682525635,0.3151552975177765
1668177625,146846756,0.4768276810646057,-0.6699355840682983,-0.013015028089284897,0.0038516903296113014,-0.0005860832752659917,-0.9490320682525635,0.3151552975177765
1668177625,211011162,0.4768276810646057,-0.6699355840682983,-0.013015028089284897,0.0038516903296113014,-0.0005860832752659917,-0.9490320682525635,0.3151552975177765
1668177625,258925614,0.4768276810646057,-0.6699355840682983,-0.013015028089284897,0.0038516903296113014,-0.0005860832752659917,-0.9490320682525635,0.3151552975177765
1668177625,306852129,0.4768276810646057,-0.6699355840682983,-0.013015028089284897,0.0038516903296113014,-0.0005860832752659917,-0.9490320682525635,0.3151552975177765
1668177625,354875854,0.4768276810646057,-0.6699355840682983,-0.013015028089284897,0.0038516903296113014,-0.0005860832752659917,-0.9490320682525635,0.3151552975177765
1668177625,403848159,0.4768276810646057,-0.6699355840682983,-0.013015028089284897,0.0038516903296113014,-0.0005860832752659917,-0.9490320682525635,0.3151552975177765
1668177625,451066182,0.4768276810646057,-0.6699355840682983,-0.013015028089284897,0.0038516903296113014,-0.0005860832752659917,-0.9490320682525635,0.3151552975177765
1668177625,498656910,0.4768276810646057,-0.6699355840682983,-0.013015028089284897,0.0038516903296113014,-0.0005860832752659917,-0.9490320682525635,0.3151552975177765
1668177625,547240944,0.4768276810646057,-0.6699355840682983,-0.013015028089284897,0.0038516903296113014,-0.0005860832752659917,-0.9490320682525635,0.3151552975177765
1668177625,610912790,0.4768276810646057,-0.6699355840682983,-0.013015028089284897,0.0038516903296113014,-0.0005860832752659917,-0.9490320682525635,0.3151552975177765
1668177625,659004820,0.4768276810646057,-0.6699355840682983,-0.013015028089284897,0.0038516903296113014,-0.0005860832752659917,-0.9490320682525635,0.3151552975177765
1668177625,707059963,0.4768276810646057,-0.6699355840682983,-0.013015028089284897,0.0038516903296113014,-0.0005860832752659917,-0.9490320682525635,0.3151552975177765
1668177625,755131797,0.4768276810646057,-0.6699355840682983,-0.013015028089284897,0.0038516903296113014,-0.0005860832752659917,-0.9490320682525635,0.3151552975177765
1668177625,803374711,0.4768276810646057,-0.6699355840682983,-0.013015028089284897,0.0038516903296113014,-0.0005860832752659917,-0.9490320682525635,0.3151552975177765
1668177625,851077798,0.4768276810646057,-0.6699355840682983,-0.013015028089284897,0.0038516903296113014,-0.0005860832752659917,-0.9490320682525635,0.3151552975177765
1668177625,898684943,0.4768276810646057,-0.6699355840682983,-0.013015028089284897,0.0038516903296113014,-0.0005860832752659917,-0.9490320682525635,0.3151552975177765
1668177625,947059124,0.4768276810646057,-0.6699355840682983,-0.013015028089284897,0.0038516903296113014,-0.0005860832752659917,-0.9490320682525635,0.3151552975177765
1668177626,10712516,0.4768276810646057,-0.6699355840682983,-0.013015028089284897,0.0038516903296113014,-0.0005860832752659917,-0.9490320682525635,0.3151552975177765
1668177626,58521467,0.4768276810646057,-0.6699355840682983,-0.013015028089284897,0.0038516903296113014,-0.0005860832752659917,-0.9490320682525635,0.3151552975177765
1668177626,107002517,0.4768276810646057,-0.6699355840682983,-0.013015028089284897,0.0038516903296113014,-0.0005860832752659917,-0.9490320682525635,0.3151552975177765
1668177626,154874362,0.4768276810646057,-0.6699355840682983,-0.013015028089284897,0.0038516903296113014,-0.0005860832752659917,-0.9490320682525635,0.3151552975177765
1668177626,202445827,0.4768276810646057,-0.6699355840682983,-0.013015028089284897,0.0038516903296113014,-0.0005860832752659917,-0.9490320682525635,0.3151552975177765
1668177626,251060895,0.4768276810646057,-0.6699355840682983,-0.013015028089284897,0.0038516903296113014,-0.0005860832752659917,-0.9490320682525635,0.3151552975177765
1668177626,298784299,0.4768276810646057,-0.6699355840682983,-0.013015028089284897,0.0038516903296113014,-0.0005860832752659917,-0.9490320682525635,0.3151552975177765
1668177626,362984044,0.4768276810646057,-0.6699355840682983,-0.013015028089284897,0.0038516903296113014,-0.0005860832752659917,-0.9490320682525635,0.3151552975177765
1668177626,411165198,0.4768276810646057,-0.6699355840682983,-0.013015028089284897,0.0038516903296113014,-0.0005860832752659917,-0.9490320682525635,0.3151552975177765
1668177626,459152638,0.4768276810646057,-0.6699355840682983,-0.013015028089284897,0.0038516903296113014,-0.0005860832752659917,-0.9490320682525635,0.3151552975177765
1668177626,506859421,0.4768276810646057,-0.6699355840682983,-0.013015028089284897,0.0038516903296113014,-0.0005860832752659917,-0.9490320682525635,0.3151552975177765
1668177626,554878471,0.4768276810646057,-0.6699355840682983,-0.013015028089284897,0.0038516903296113014,-0.0005860832752659917,-0.9490320682525635,0.3151552975177765
1668177626,602898189,0.4768276810646057,-0.6699355840682983,-0.013015028089284897,0.0038516903296113014,-0.0005860832752659917,-0.9490320682525635,0.3151552975177765
1668177626,650990955,0.4768276810646057,-0.6699355840682983,-0.013015028089284897,0.0038516903296113014,-0.0005860832752659917,-0.9490320682525635,0.3151552975177765
1668177626,699006560,0.4768276810646057,-0.6699355840682983,-0.013015028089284897,0.0038516903296113014,-0.0005860832752659917,-0.9490320682525635,0.3151552975177765
1668177626,746642865,0.4768276810646057,-0.6699355840682983,-0.013015028089284897,0.0038516903296113014,-0.0005860832752659917,-0.9490320682525635,0.3151552975177765
1668177626,811416001,0.4768276810646057,-0.6699355840682983,-0.013015028089284897,0.0038516903296113014,-0.0005860832752659917,-0.9490320682525635,0.3151552975177765
1668177626,858963183,0.4768276810646057,-0.6699355840682983,-0.013015028089284897,0.0038516903296113014,-0.0005860832752659917,-0.9490320682525635,0.3151552975177765
1668177626,906856512,0.4768276810646057,-0.6699355840682983,-0.013015028089284897,0.0038516903296113014,-0.0005860832752659917,-0.9490320682525635,0.3151552975177765
1668177626,954885673,0.4768276810646057,-0.6699355840682983,-0.013015028089284897,0.0038516903296113014,-0.0005860832752659917,-0.9490320682525635,0.3151552975177765
1668177627,2850688,0.4768276810646057,-0.6699355840682983,-0.013015028089284897,0.0038516903296113014,-0.0005860832752659917,-0.9490320682525635,0.3151552975177765
1668177627,51070830,0.4768276810646057,-0.6699355840682983,-0.013015028089284897,0.0038516903296113014,-0.0005860832752659917,-0.9490320682525635,0.3151552975177765
1668177627,98454163,0.4768276810646057,-0.6699355840682983,-0.013015028089284897,0.0038516903296113014,-0.0005860832752659917,-0.9490320682525635,0.3151552975177765
1668177627,146947615,0.4768276810646057,-0.6699355840682983,-0.013015028089284897,0.0038516903296113014,-0.0005860832752659917,-0.9490320682525635,0.3151552975177765
1668177627,211166597,0.4768276810646057,-0.6699355840682983,-0.013015028089284897,0.0038516903296113014,-0.0005860832752659917,-0.9490320682525635,0.3151552975177765
1668177627,259396322,0.4768276810646057,-0.6699355840682983,-0.013015028089284897,0.0038516903296113014,-0.0005860832752659917,-0.9490320682525635,0.3151552975177765
1668177627,306849279,0.4768276810646057,-0.6699355840682983,-0.013015028089284897,0.0038516903296113014,-0.0005860832752659917,-0.9490320682525635,0.3151552975177765
1668177627,354879153,0.4768276810646057,-0.6699355840682983,-0.013015028089284897,0.0038516903296113014,-0.0005860832752659917,-0.9490320682525635,0.3151552975177765
1668177627,402895817,0.4768276810646057,-0.6699355840682983,-0.013015028089284897,0.0038516903296113014,-0.0005860832752659917,-0.9490320682525635,0.3151552975177765
1668177627,451078664,0.4768276810646057,-0.6699355840682983,-0.013015028089284897,0.0038516903296113014,-0.0005860832752659917,-0.9490320682525635,0.3151552975177765
1668177627,499124042,0.4768276810646057,-0.6699355840682983,-0.013015028089284897,0.0038516903296113014,-0.0005860832752659917,-0.9490320682525635,0.3151552975177765
1668177627,547285851,0.4768276810646057,-0.6699355840682983,-0.013015028089284897,0.0038516903296113014,-0.0005860832752659917,-0.9490320682525635,0.3151552975177765
1668177627,611044899,0.4768276810646057,-0.6699355840682983,-0.013015028089284897,0.0038516903296113014,-0.0005860832752659917,-0.9490320682525635,0.3151552975177765
1668177627,658472655,0.4768276810646057,-0.6699355840682983,-0.013015028089284897,0.0038516903296113014,-0.0005860832752659917,-0.9490320682525635,0.3151552975177765
1668177627,706864401,0.4768276810646057,-0.6699355840682983,-0.013015028089284897,0.0038516903296113014,-0.0005860832752659917,-0.9490320682525635,0.3151552975177765
1668177627,754879461,0.4768276810646057,-0.6699355840682983,-0.013015028089284897,0.0038516903296113014,-0.0005860832752659917,-0.9490320682525635,0.3151552975177765
1668177627,802945844,0.4768276810646057,-0.6699355840682983,-0.013015028089284897,0.0038516903296113014,-0.0005860832752659917,-0.9490320682525635,0.3151552975177765
1668177627,851092499,0.4768276810646057,-0.6699355840682983,-0.013015028089284897,0.0038516903296113014,-0.0005860832752659917,-0.9490320682525635,0.3151552975177765
1668177627,899297918,0.4768276810646057,-0.6699355840682983,-0.013015028089284897,0.0038516903296113014,-0.0005860832752659917,-0.9490320682525635,0.3151552975177765
1668177627,946592637,0.4768276810646057,-0.6699355840682983,-0.013015028089284897,0.0038516903296113014,-0.0005860832752659917,-0.9490320682525635,0.3151552975177765
1668177628,10955108,0.4768276810646057,-0.6699355840682983,-0.013015028089284897,0.0038516903296113014,-0.0005860832752659917,-0.9490320682525635,0.3151552975177765
1668177628,59445749,0.4768276810646057,-0.6699355840682983,-0.013015028089284897,0.0038516903296113014,-0.0005860832752659917,-0.9490320682525635,0.3151552975177765
1668177628,106861519,0.4768276810646057,-0.6699355840682983,-0.013015028089284897,0.0038516903296113014,-0.0005860832752659917,-0.9490320682525635,0.3151552975177765
1668177628,154876684,0.4768276810646057,-0.6699355840682983,-0.013015028089284897,0.0038516903296113014,-0.0005860832752659917,-0.9490320682525635,0.3151552975177765
1668177628,202848519,0.4768276810646057,-0.6699355840682983,-0.013015028089284897,0.0038516903296113014,-0.0005860832752659917,-0.9490320682525635,0.3151552975177765
1668177628,251110616,0.4768276810646057,-0.6699355840682983,-0.013015028089284897,0.0038516903296113014,-0.0005860832752659917,-0.9490320682525635,0.3151552975177765
1668177628,300197963,0.4768276810646057,-0.6699355840682983,-0.013015028089284897,0.0038516903296113014,-0.0005860832752659917,-0.9490320682525635,0.3151552975177765
1668177628,346727722,0.4768276810646057,-0.6699355840682983,-0.013015028089284897,0.0038516903296113014,-0.0005860832752659917,-0.9490320682525635,0.3151552975177765
1668177628,411078214,0.4768276810646057,-0.6699355840682983,-0.013015028089284897,0.0038516903296113014,-0.0005860832752659917,-0.9490320682525635,0.3151552975177765
1668177628,459429552,0.4768276810646057,-0.6699355840682983,-0.013015028089284897,0.0038516903296113014,-0.0005860832752659917,-0.9490320682525635,0.3151552975177765
1668177628,506863295,0.4768276810646057,-0.6699355840682983,-0.013015028089284897,0.0038516903296113014,-0.0005860832752659917,-0.9490320682525635,0.3151552975177765
1668177628,554874244,0.4768276810646057,-0.6699355840682983,-0.013015028089284897,0.0038516903296113014,-0.0005860832752659917,-0.9490320682525635,0.3151552975177765
1668177628,602833912,0.4768276810646057,-0.6699355840682983,-0.013015028089284897,0.0038516903296113014,-0.0005860832752659917,-0.9490320682525635,0.3151552975177765
1668177628,652148337,0.4768276810646057,-0.6699355840682983,-0.013015028089284897,0.0038516903296113014,-0.0005860832752659917,-0.9490320682525635,0.3151552975177765
1668177628,698750343,0.4768276810646057,-0.6699355840682983,-0.013015028089284897,0.0038516903296113014,-0.0005860832752659917,-0.9490320682525635,0.3151552975177765
1668177628,747217828,0.4768276810646057,-0.6699355840682983,-0.013015028089284897,0.0038516903296113014,-0.0005860832752659917,-0.9490320682525635,0.3151552975177765
1668177628,811541023,0.4768276810646057,-0.6699355840682983,-0.013015028089284897,0.0038516903296113014,-0.0005860832752659917,-0.9490320682525635,0.3151552975177765
1668177628,858628027,0.4768276810646057,-0.6699355840682983,-0.013015028089284897,0.0038516903296113014,-0.0005860832752659917,-0.9490320682525635,0.3151552975177765
1668177628,906862155,0.4768276810646057,-0.6699355840682983,-0.013015028089284897,0.0038516903296113014,-0.0005860832752659917,-0.9490320682525635,0.3151552975177765
1668177628,954864214,0.4768276810646057,-0.6699355840682983,-0.013015028089284897,0.0038516903296113014,-0.0005860832752659917,-0.9490320682525635,0.3151552975177765
1668177629,2854537,0.4768276810646057,-0.6699355840682983,-0.013015028089284897,0.0038516903296113014,-0.0005860832752659917,-0.9490320682525635,0.3151552975177765
1668177629,52134495,0.4768276810646057,-0.6699355840682983,-0.013015028089284897,0.0038516903296113014,-0.0005860832752659917,-0.9490320682525635,0.3151552975177765
1668177629,99100369,0.4768276810646057,-0.6699355840682983,-0.013015028089284897,0.0038516903296113014,-0.0005860832752659917,-0.9490320682525635,0.3151552975177765
1668177629,146981812,0.4768276810646057,-0.6699355840682983,-0.013015028089284897,0.0038516903296113014,-0.0005860832752659917,-0.9490320682525635,0.3151552975177765
1668177629,210885221,0.4768276810646057,-0.6699355840682983,-0.013015028089284897,0.0038516903296113014,-0.0005860832752659917,-0.9490320682525635,0.3151552975177765
1668177629,259424084,0.4768276810646057,-0.6699355840682983,-0.013015028089284897,0.0038516903296113014,-0.0005860832752659917,-0.9490320682525635,0.3151552975177765
1668177629,306860936,0.4768276810646057,-0.6699355840682983,-0.013015028089284897,0.0038516903296113014,-0.0005860832752659917,-0.9490320682525635,0.3151552975177765
1668177629,354868150,0.4768276810646057,-0.6699355840682983,-0.013015028089284897,0.0038516903296113014,-0.0005860832752659917,-0.9490320682525635,0.3151552975177765
1668177629,402846827,0.4768276810646057,-0.6699355840682983,-0.013015028089284897,0.0038516903296113014,-0.0005860832752659917,-0.9490320682525635,0.3151552975177765
1668177629,451138243,0.4768276810646057,-0.6699355840682983,-0.013015028089284897,0.0038516903296113014,-0.0005860832752659917,-0.9490320682525635,0.3151552975177765
1668177629,498882318,0.4768276810646057,-0.6699355840682983,-0.013015028089284897,0.0038516903296113014,-0.0005860832752659917,-0.9490320682525635,0.3151552975177765
1668177629,547080897,0.4768276810646057,-0.6699355840682983,-0.013015028089284897,0.0038516903296113014,-0.0005860832752659917,-0.9490320682525635,0.3151552975177765
1668177629,611154540,0.4768276810646057,-0.6699355840682983,-0.013015028089284897,0.0038516903296113014,-0.0005860832752659917,-0.9490320682525635,0.3151552975177765
1668177629,659390534,0.4768276810646057,-0.6699355840682983,-0.013015028089284897,0.0038516903296113014,-0.0005860832752659917,-0.9490320682525635,0.3151552975177765
1668177629,706541519,0.4768276810646057,-0.6699355840682983,-0.013015028089284897,0.0038516903296113014,-0.0005860832752659917,-0.9490320682525635,0.3151552975177765
1668177629,754903609,0.4768276810646057,-0.6699355840682983,-0.013015028089284897,0.0038516903296113014,-0.0005860832752659917,-0.9490320682525635,0.3151552975177765
1668177629,803853883,0.4768276810646057,-0.6699355840682983,-0.013015028089284897,0.0038516903296113014,-0.0005860832752659917,-0.9490320682525635,0.3151552975177765
1668177629,851068240,0.4768276810646057,-0.6699355840682983,-0.013015028089284897,0.0038516903296113014,-0.0005860832752659917,-0.9490320682525635,0.3151552975177765
1668177629,898882182,0.4768276810646057,-0.6699355840682983,-0.013015028089284897,0.0038516903296113014,-0.0005860832752659917,-0.9490320682525635,0.3151552975177765
1668177629,947215395,0.4768276810646057,-0.6699355840682983,-0.013015028089284897,0.0038516903296113014,-0.0005860832752659917,-0.9490320682525635,0.3151552975177765
1668177630,11127756,0.4768276810646057,-0.6699355840682983,-0.013015028089284897,0.0038516903296113014,-0.0005860832752659917,-0.9490320682525635,0.3151552975177765
1668177630,59118376,0.4768276810646057,-0.6699355840682983,-0.013015028089284897,0.0038516903296113014,-0.0005860832752659917,-0.9490320682525635,0.3151552975177765
1668177630,107074046,0.4768276810646057,-0.6699355840682983,-0.013015028089284897,0.0038516903296113014,-0.0005860832752659917,-0.9490320682525635,0.3151552975177765
1668177630,155132849,0.4768276810646057,-0.6699355840682983,-0.013015028089284897,0.0038516903296113014,-0.0005860832752659917,-0.9490320682525635,0.3151552975177765
1668177630,203173928,0.4768276810646057,-0.6699355840682983,-0.013015028089284897,0.0038516903296113014,-0.0005860832752659917,-0.9490320682525635,0.3151552975177765
1668177630,251154650,0.4768276810646057,-0.6699355840682983,-0.013015028089284897,0.0038516903296113014,-0.0005860832752659917,-0.9490320682525635,0.3151552975177765
1668177630,298843045,0.4768276810646057,-0.6699355840682983,-0.013015028089284897,0.0038516903296113014,-0.0005860832752659917,-0.9490320682525635,0.3151552975177765
1668177630,347166742,0.4768276810646057,-0.6699355840682983,-0.013015028089284897,0.0038516903296113014,-0.0005860832752659917,-0.9490320682525635,0.3151552975177765
1668177630,411359312,0.4768276810646057,-0.6699355840682983,-0.013015028089284897,0.0038516903296113014,-0.0005860832752659917,-0.9490320682525635,0.3151552975177765
1668177630,459315063,0.4768276810646057,-0.6699355840682983,-0.013015028089284897,0.0038516903296113014,-0.0005860832752659917,-0.9490320682525635,0.3151552975177765
1668177630,507006749,0.4768276810646057,-0.6699355840682983,-0.013015028089284897,0.0038516903296113014,-0.0005860832752659917,-0.9490320682525635,0.3151552975177765
1668177630,554873292,0.4768276810646057,-0.6699355840682983,-0.013015028089284897,0.0038516903296113014,-0.0005860832752659917,-0.9490320682525635,0.3151552975177765
1668177630,602856008,0.4768276810646057,-0.6699355840682983,-0.013015028089284897,0.0038516903296113014,-0.0005860832752659917,-0.9490320682525635,0.3151552975177765
1668177630,651176677,0.4768276810646057,-0.6699355840682983,-0.013015028089284897,0.0038516903296113014,-0.0005860832752659917,-0.9490320682525635,0.3151552975177765
1668177630,699217045,0.4768276810646057,-0.6699355840682983,-0.013015028089284897,0.0038516903296113014,-0.0005860832752659917,-0.9490320682525635,0.3151552975177765
1668177630,762927002,0.4768276810646057,-0.6699355840682983,-0.013015028089284897,0.0038516903296113014,-0.0005860832752659917,-0.9490320682525635,0.3151552975177765
1668177630,810720349,0.4768276810646057,-0.6699355840682983,-0.013015028089284897,0.0038516903296113014,-0.0005860832752659917,-0.9490320682525635,0.3151552975177765
1668177630,859132309,0.4768276810646057,-0.6699355840682983,-0.013015028089284897,0.0038516903296113014,-0.0005860832752659917,-0.9490320682525635,0.3151552975177765
1668177630,906858683,0.4768276810646057,-0.6699355840682983,-0.013015028089284897,0.0038516903296113014,-0.0005860832752659917,-0.9490320682525635,0.3151552975177765
1668177630,954875291,0.4768276810646057,-0.6699355840682983,-0.013015028089284897,0.0038516903296113014,-0.0005860832752659917,-0.9490320682525635,0.3151552975177765
1668177631,2855645,0.4768276810646057,-0.6699355840682983,-0.013015028089284897,0.0038516903296113014,-0.0005860832752659917,-0.9490320682525635,0.3151552975177765
1668177631,51055863,0.4768276810646057,-0.6699355840682983,-0.013015028089284897,0.0038516903296113014,-0.0005860832752659917,-0.9490320682525635,0.3151552975177765
1668177631,99112336,0.4768276810646057,-0.6699355840682983,-0.013015028089284897,0.0038516903296113014,-0.0005860832752659917,-0.9490320682525635,0.3151552975177765
1668177631,148262441,0.4768276810646057,-0.6699355840682983,-0.013015028089284897,0.0038516903296113014,-0.0005860832752659917,-0.9490320682525635,0.3151552975177765
1668177631,210770957,0.4768276810646057,-0.6699355840682983,-0.013015028089284897,0.0038516903296113014,-0.0005860832752659917,-0.9490320682525635,0.3151552975177765
1668177631,259365678,0.4768276810646057,-0.6699355840682983,-0.013015028089284897,0.0038516903296113014,-0.0005860832752659917,-0.9490320682525635,0.3151552975177765
1668177631,306858479,0.4768276810646057,-0.6699355840682983,-0.013015028089284897,0.0038516903296113014,-0.0005860832752659917,-0.9490320682525635,0.3151552975177765
1668177631,354923839,0.4768276810646057,-0.6699355840682983,-0.013015028089284897,0.0038516903296113014,-0.0005860832752659917,-0.9490320682525635,0.3151552975177765
1668177631,403229739,0.4768276810646057,-0.6699355840682983,-0.013015028089284897,0.0038516903296113014,-0.0005860832752659917,-0.9490320682525635,0.3151552975177765
1668177631,451039123,0.4768276810646057,-0.6699355840682983,-0.013015028089284897,0.0038516903296113014,-0.0005860832752659917,-0.9490320682525635,0.3151552975177765
1668177631,499365465,0.4768276810646057,-0.6699355840682983,-0.013015028089284897,0.0038516903296113014,-0.0005860832752659917,-0.9490320682525635,0.3151552975177765
1668177631,547304481,0.4768276810646057,-0.6699355840682983,-0.013015028089284897,0.0038516903296113014,-0.0005860832752659917,-0.9490320682525635,0.3151552975177765
1668177631,612014813,0.4768276810646057,-0.6699355840682983,-0.013015028089284897,0.0038516903296113014,-0.0005860832752659917,-0.9490320682525635,0.3151552975177765
1668177631,659213056,0.4768276810646057,-0.6699355840682983,-0.013015028089284897,0.0038516903296113014,-0.0005860832752659917,-0.9490320682525635,0.3151552975177765
1668177631,707859858,0.4768276810646057,-0.6699355840682983,-0.013015028089284897,0.0038516903296113014,-0.0005860832752659917,-0.9490320682525635,0.3151552975177765
1668177631,754965390,0.4768276810646057,-0.6699355840682983,-0.013015028089284897,0.0038516903296113014,-0.0005860832752659917,-0.9490320682525635,0.3151552975177765
1668177631,802917319,0.4768276810646057,-0.6699355840682983,-0.013015028089284897,0.0038516903296113014,-0.0005860832752659917,-0.9490320682525635,0.3151552975177765
1668177631,851085077,0.4768276810646057,-0.6699355840682983,-0.013015028089284897,0.0038516903296113014,-0.0005860832752659917,-0.9490320682525635,0.3151552975177765
1668177631,899354830,0.4768276810646057,-0.6699355840682983,-0.013015028089284897,0.0038516903296113014,-0.0005860832752659917,-0.9490320682525635,0.3151552975177765
1668177631,947315245,0.4768276810646057,-0.6699355840682983,-0.013015028089284897,0.0038516903296113014,-0.0005860832752659917,-0.9490320682525635,0.3151552975177765
1668177632,11264171,0.4768276810646057,-0.6699355840682983,-0.013015028089284897,0.0038516903296113014,-0.0005860832752659917,-0.9490320682525635,0.3151552975177765
1668177632,59422048,0.4768276810646057,-0.6699355840682983,-0.013015028089284897,0.0038516903296113014,-0.0005860832752659917,-0.9490320682525635,0.3151552975177765
1668177632,106858524,0.4768276810646057,-0.6699355840682983,-0.013015028089284897,0.0038516903296113014,-0.0005860832752659917,-0.9490320682525635,0.3151552975177765
1668177632,154877154,0.4768276810646057,-0.6699355840682983,-0.013015028089284897,0.0038516903296113014,-0.0005860832752659917,-0.9490320682525635,0.3151552975177765
1668177632,202574030,0.4768276810646057,-0.6699355840682983,-0.013015028089284897,0.0038516903296113014,-0.0005860832752659917,-0.9490320682525635,0.3151552975177765
1668177632,251066359,0.4768276810646057,-0.6699355840682983,-0.013015028089284897,0.0038516903296113014,-0.0005860832752659917,-0.9490320682525635,0.3151552975177765
1668177632,299347434,0.4768276810646057,-0.6699355840682983,-0.013015028089284897,0.0038516903296113014,-0.0005860832752659917,-0.9490320682525635,0.3151552975177765
1668177632,346888372,0.4768276810646057,-0.6699355840682983,-0.013015028089284897,0.0038516903296113014,-0.0005860832752659917,-0.9490320682525635,0.3151552975177765
1668177632,394702602,0.4768276810646057,-0.6699355840682983,-0.013015028089284897,0.0038516903296113014,-0.0005860832752659917,-0.9490320682525635,0.3151552975177765
1668177632,460373786,0.4768276810646057,-0.6699355840682983,-0.013015028089284897,0.0038516903296113014,-0.0005860832752659917,-0.9490320682525635,0.3151552975177765
1668177632,506859970,0.4768276810646057,-0.6699355840682983,-0.013015028089284897,0.0038516903296113014,-0.0005860832752659917,-0.9490320682525635,0.3151552975177765
1668177632,554866060,0.4768276810646057,-0.6699355840682983,-0.013015028089284897,0.0038516903296113014,-0.0005860832752659917,-0.9490320682525635,0.3151552975177765
1668177632,602854542,0.4768276810646057,-0.6699355840682983,-0.013015028089284897,0.0038516903296113014,-0.0005860832752659917,-0.9490320682525635,0.3151552975177765
1668177632,651078914,0.4768276810646057,-0.6699355840682983,-0.013015028089284897,0.0038516903296113014,-0.0005860832752659917,-0.9490320682525635,0.3151552975177765
1668177632,700305445,0.4768276810646057,-0.6699355840682983,-0.013015028089284897,0.0038516903296113014,-0.0005860832752659917,-0.9490320682525635,0.3151552975177765
1668177632,747185203,0.4768276810646057,-0.6699355840682983,-0.013015028089284897,0.0038516903296113014,-0.0005860832752659917,-0.9490320682525635,0.3151552975177765
1668177632,795414370,0.4768276810646057,-0.6699355840682983,-0.013015028089284897,0.0038516903296113014,-0.0005860832752659917,-0.9490320682525635,0.3151552975177765
1668177632,859209973,0.4768276810646057,-0.6699355840682983,-0.013015028089284897,0.0038516903296113014,-0.0005860832752659917,-0.9490320682525635,0.3151552975177765
1668177632,906854559,0.4768276810646057,-0.6699355840682983,-0.013015028089284897,0.0038516903296113014,-0.0005860832752659917,-0.9490320682525635,0.3151552975177765
1668177632,954862802,0.4768276810646057,-0.6699355840682983,-0.013015028089284897,0.0038516903296113014,-0.0005860832752659917,-0.9490320682525635,0.3151552975177765
1668177633,2916785,0.4768276810646057,-0.6699355840682983,-0.013015028089284897,0.0038516903296113014,-0.0005860832752659917,-0.9490320682525635,0.3151552975177765
1668177633,52080373,0.4768276810646057,-0.6699355840682983,-0.013015028089284897,0.0038516903296113014,-0.0005860832752659917,-0.9490320682525635,0.3151552975177765
1668177633,98609410,0.4768276810646057,-0.6699355840682983,-0.013015028089284897,0.0038516903296113014,-0.0005860832752659917,-0.9490320682525635,0.3151552975177765
1668177633,147229799,0.4768276810646057,-0.6699355840682983,-0.013015028089284897,0.0038516903296113014,-0.0005860832752659917,-0.9490320682525635,0.3151552975177765
1668177633,212380831,0.4768276810646057,-0.6699355840682983,-0.013015028089284897,0.0038516903296113014,-0.0005860832752659917,-0.9490320682525635,0.3151552975177765
1668177633,259427344,0.4768276810646057,-0.6699355840682983,-0.013015028089284897,0.0038516903296113014,-0.0005860832752659917,-0.9490320682525635,0.3151552975177765
1668177633,306867041,0.4768276810646057,-0.6699355840682983,-0.013015028089284897,0.0038516903296113014,-0.0005860832752659917,-0.9490320682525635,0.3151552975177765
1668177633,354862307,0.4768276810646057,-0.6699355840682983,-0.013015028089284897,0.0038516903296113014,-0.0005860832752659917,-0.9490320682525635,0.3151552975177765
1668177633,402834991,0.4768276810646057,-0.6699355840682983,-0.013015028089284897,0.0038516903296113014,-0.0005860832752659917,-0.9490320682525635,0.3151552975177765
1668177633,452078768,0.4768276810646057,-0.6699355840682983,-0.013015028089284897,0.0038516903296113014,-0.0005860832752659917,-0.9490320682525635,0.3151552975177765
1668177633,499092232,0.4768276810646057,-0.6699355840682983,-0.013015028089284897,0.0038516903296113014,-0.0005860832752659917,-0.9490320682525635,0.3151552975177765
1668177633,546921279,0.4768276810646057,-0.6699355840682983,-0.013015028089284897,0.0038516903296113014,-0.0005860832752659917,-0.9490320682525635,0.3151552975177765
1668177633,611839410,0.4768276810646057,-0.6699355840682983,-0.013015028089284897,0.0038516903296113014,-0.0005860832752659917,-0.9490320682525635,0.3151552975177765
1668177633,659246892,0.4768276810646057,-0.6699355840682983,-0.013015028089284897,0.0038516903296113014,-0.0005860832752659917,-0.9490320682525635,0.3151552975177765
1668177633,706855098,0.4768276810646057,-0.6699355840682983,-0.013015028089284897,0.0038516903296113014,-0.0005860832752659917,-0.9490320682525635,0.3151552975177765
1668177633,754877759,0.4768276810646057,-0.6699355840682983,-0.013015028089284897,0.0038516903296113014,-0.0005860832752659917,-0.9490320682525635,0.3151552975177765
1668177633,802972365,0.4768276810646057,-0.6699355840682983,-0.013015028089284897,0.0038516903296113014,-0.0005860832752659917,-0.9490320682525635,0.3151552975177765
1668177633,851077775,0.4768276810646057,-0.6699355840682983,-0.013015028089284897,0.0038516903296113014,-0.0005860832752659917,-0.9490320682525635,0.3151552975177765
1668177633,899246552,0.4768276810646057,-0.6699355840682983,-0.013015028089284897,0.0038516903296113014,-0.0005860832752659917,-0.9490320682525635,0.3151552975177765
1668177633,947283414,0.4768276810646057,-0.6699355840682983,-0.013015028089284897,0.0038516903296113014,-0.0005860832752659917,-0.9490320682525635,0.3151552975177765
1668177634,11278019,0.4768276810646057,-0.6699355840682983,-0.013015028089284897,0.0038516903296113014,-0.0005860832752659917,-0.9490320682525635,0.3151552975177765
1668177634,59336286,0.4768276810646057,-0.6699355840682983,-0.013015028089284897,0.0038516903296113014,-0.0005860832752659917,-0.9490320682525635,0.3151552975177765
1668177634,106861260,0.4768276810646057,-0.6699355840682983,-0.013015028089284897,0.0038516903296113014,-0.0005860832752659917,-0.9490320682525635,0.3151552975177765
1668177634,154866394,0.4768276810646057,-0.6699355840682983,-0.013015028089284897,0.0038516903296113014,-0.0005860832752659917,-0.9490320682525635,0.3151552975177765
1668177634,203871913,0.4768276810646057,-0.6699355840682983,-0.013015028089284897,0.0038516903296113014,-0.0005860832752659917,-0.9490320682525635,0.3151552975177765
1668177634,251049080,0.4768276810646057,-0.6699355840682983,-0.013015028089284897,0.0038516903296113014,-0.0005860832752659917,-0.9490320682525635,0.3151552975177765
1668177634,299394612,0.4768276810646057,-0.6699355840682983,-0.013015028089284897,0.0038516903296113014,-0.0005860832752659917,-0.9490320682525635,0.3151552975177765
