9,181000000,wheel_left_joint,wheel_right_joint,1.657944761479513e-05,1.7710657145286746e-05,-2.3023033893058986e-07,-1.5584465648012247e-07
9,215000000,wheel_left_joint,wheel_right_joint,1.663913237592851e-05,1.77745014058317e-05,-1.5462959070166107e-07,-8.11119962794123e-08
9,249000000,wheel_left_joint,wheel_right_joint,1.6698615283416984e-05,1.7838141558534915e-05,2.545875500464725e-07,3.362423202692968e-07
9,283000000,wheel_left_joint,wheel_right_joint,1.675803136880205e-05,1.7901724214119952e-05,1.6309466276608845e-07,2.451067095250682e-07
9,317000000,wheel_left_joint,wheel_right_joint,1.6817534698176928e-05,1.796539882370496e-05,-2.619979376955765e-07,-1.8868393875267047e-07
9,351000000,wheel_left_joint,wheel_right_joint,1.687747197998135e-05,1.8029533860541846e-05,2.600204142941438e-07,3.428624622277927e-07
9,385000000,wheel_left_joint,wheel_right_joint,1.693739403396677e-05,1.809365805272023e-05,-2.1226775289557003e-07,-1.3710294941384794e-07
9,419000000,wheel_left_joint,wheel_right_joint,1.6997431193210844e-05,1.8157870155022238e-05,-2.436637373708691e-07,-1.705083922654265e-07
9,453000000,wheel_left_joint,wheel_right_joint,1.705749060754158e-05,1.8222099670950342e-05,2.598116634736948e-07,3.4154047492339053e-07
9,487000000,wheel_left_joint,wheel_right_joint,1.7117538059885362e-05,1.8286326002758813e-05,-2.0220622765814225e-07,-1.273871581065119e-07
9,521000000,wheel_left_joint,wheel_right_joint,1.7177383567990034e-05,1.835032041963558e-05,-1.4357690213161797e-07,-7.069416742684588e-08
9,555000000,wheel_left_joint,wheel_right_joint,1.7237020249361024e-05,1.8414086310869493e-05,2.5489510370858923e-07,3.3583920295589525e-07
9,589000000,wheel_left_joint,wheel_right_joint,1.7296558967316855e-05,1.8477782381509655e-05,1.6448031390776767e-07,2.4644368717128325e-07
9,623000000,wheel_left_joint,wheel_right_joint,1.7356152218539478e-05,1.85415465017158e-05,-2.5432618624954793e-07,-1.8105790912826148e-07
9,657000000,wheel_left_joint,wheel_right_joint,1.7415667056930317e-05,1.860521920526992e-05,-2.455803804339877e-07,-1.7201940023640633e-07
9,691000000,wheel_left_joint,wheel_right_joint,1.74751291304176e-05,1.8668840991331592e-05,-2.384401095184433e-07,-1.639876105656666e-07
9,725000000,wheel_left_joint,wheel_right_joint,1.753486610489574e-05,1.873276046726602e-05,2.35487529944272e-07,3.172440108670715e-07
9,759000000,wheel_left_joint,wheel_right_joint,1.7594842212531603e-05,1.8796946491761446e-05,-2.0538833923487623e-07,-1.294739819398226e-07
9,793000000,wheel_left_joint,wheel_right_joint,1.7654829061797273e-05,1.8861115200330403e-05,-2.3410979294188027e-07,-1.6053208305223145e-07
9,827000000,wheel_left_joint,wheel_right_joint,1.7714857279749197e-05,1.892530892977362e-05,2.542543462437071e-07,3.3547434050379497e-07
9,861000000,wheel_left_joint,wheel_right_joint,1.7774798261704916e-05,1.8989415929482334e-05,-2.1288560039637878e-07,-1.3834951481032746e-07
9,895000000,wheel_left_joint,wheel_right_joint,1.7834524967952348e-05,1.9053299735283247e-05,-2.0860683169017166e-07,-1.3427523426912807e-07
9,929000000,wheel_left_joint,wheel_right_joint,1.7894232437143387e-05,1.9117149541614253e-05,2.6106399148337995e-07,3.4260342083003133e-07
9,963000000,wheel_left_joint,wheel_right_joint,1.795372106538906e-05,1.9180791596795643e-05,2.3725543932143298e-07,3.1843343839120953e-07
9,997000000,wheel_left_joint,wheel_right_joint,1.801326401729142e-05,1.9244503483228925e-05,-2.623197600882046e-07,-1.892466899691735e-07
10,31000000,wheel_left_joint,wheel_right_joint,1.8072774815358628e-05,1.9308178109689322e-05,-2.526143789695302e-07,-1.7919357644176782e-07
10,65000000,wheel_left_joint,wheel_right_joint,1.813268723971362e-05,1.9372280499752037e-05,2.537580947119776e-07,3.360470040287937e-07
10,99000000,wheel_left_joint,wheel_right_joint,1.819264859381775e-05,1.9436444515186224e-05,-2.0720144745236743e-07,-1.3162051515954853e-07
10,133000000,wheel_left_joint,wheel_right_joint,1.825273668831784e-05,1.9500708192232707e-05,-2.3448653662749928e-07,-1.6106170840546243e-07
10,167000000,wheel_left_joint,wheel_right_joint,1.8312564157518807e-05,1.956468907859943e-05,-2.0697486433573185e-07,-1.327249779002138e-07
10,201000000,wheel_left_joint,wheel_right_joint,1.837228265699764e-05,1.9628548912464794e-05,2.6104229272519257e-07,3.4260608377845213e-07
10,235000000,wheel_left_joint,wheel_right_joint,1.8431783729511153e-05,1.9692204405785674e-05,2.3727822239709775e-07,3.184523729612672e-07
10,269000000,wheel_left_joint,wheel_right_joint,1.849133735021269e-05,1.975592578240537e-05,-2.615008706382486e-07,-1.884740849578473e-07
10,303000000,wheel_left_joint,wheel_right_joint,1.8551165961611105e-05,1.981993560296047e-05,-2.0740300458511364e-07,-1.3162069056036653e-07
10,337000000,wheel_left_joint,wheel_right_joint,1.8610978798960787e-05,1.9883932921516134e-05,-2.5721664705981046e-07,-1.8397448420823335e-07
10,371000000,wheel_left_joint,wheel_right_joint,1.867105354147469e-05,1.994819334250053e-05,2.635365335837501e-07,3.459456420859151e-07
10,405000000,wheel_left_joint,wheel_right_joint,1.8730914943532184e-05,2.001221941139164e-05,-2.360429938200138e-07,-1.626341992485127e-07
10,439000000,wheel_left_joint,wheel_right_joint,1.8790731339812794e-05,2.0076196377338817e-05,-2.0825888834502884e-07,-1.3375007098192192e-07
10,473000000,wheel_left_joint,wheel_right_joint,1.8850437413675536e-05,2.0140048301975355e-05,2.6106247005586473e-07,3.426001756841801e-07
10,507000000,wheel_left_joint,wheel_right_joint,1.8909930719068768e-05,2.020369224187135e-05,2.3731694742158693e-07,3.183835945034033e-07
10,541000000,wheel_left_joint,wheel_right_joint,1.8969477143748747e-05,2.0267405829166307e-05,-2.621233702170423e-07,-1.8903436679266333e-07
10,575000000,wheel_left_joint,wheel_right_joint,1.902898913641593e-05,2.0331083213420698e-05,-2.5245674143477715e-07,-1.7898790254599305e-07
10,609000000,wheel_left_joint,wheel_right_joint,1.908890262836138e-05,2.039518691976383e-05,2.537719715107762e-07,3.360323086107342e-07
10,643000000,wheel_left_joint,wheel_right_joint,1.9148865769480494e-05,2.0459351532942094e-05,-2.0707440576508453e-07,-1.3151772037590416e-07
10,677000000,wheel_left_joint,wheel_right_joint,1.9208954650906662e-05,2.0523615920531313e-05,-2.3441561531971876e-07,-1.6097466237969312e-07
10,711000000,wheel_left_joint,wheel_right_joint,1.926878254820963e-05,2.05875977137282e-05,-2.0691633014413222e-07,-1.326609125963706e-07
10,745000000,wheel_left_joint,wheel_right_joint,1.9328501708493206e-05,2.0651457958820174e-05,2.610493536295169e-07,3.4259826665520134e-07
10,779000000,wheel_left_joint,wheel_right_joint,1.9388003422271538e-05,2.071511374612811e-05,2.3728080163275093e-07,3.184511850223056e-07
10,813000000,wheel_left_joint,wheel_right_joint,1.944755733163106e-05,2.0778835506440885e-05,-2.614758237217763e-07,-1.8844394474840011e-07
10,847000000,wheel_left_joint,wheel_right_joint,1.9507234645388394e-05,2.0842683696287168e-05,-2.265677734692795e-07,-1.5182860853572757e-07
10,881000000,wheel_left_joint,wheel_right_joint,1.9567177004020664e-05,2.0906822117083834e-05,-2.5684249335363764e-07,-1.8310337357874823e-07
10,915000000,wheel_left_joint,wheel_right_joint,1.9627247742626253e-05,2.097108605614295e-05,2.635810329070843e-07,3.458970826973628e-07
10,949000000,wheel_left_joint,wheel_right_joint,1.968711800603984e-05,2.1035112340861417e-05,-2.355481350125449e-07,-1.6239761332264083e-07
10,983000000,wheel_left_joint,wheel_right_joint,1.9746938823672622e-05,2.1099091160436956e-05,-2.0802355898475507e-07,-1.3341055396076228e-07
11,17000000,wheel_left_joint,wheel_right_joint,1.980664494993789e-05,2.1162948087294353e-05,2.610071757774856e-07,3.426507677755687e-07
11,51000000,wheel_left_joint,wheel_right_joint,1.986614070137449e-05,2.1226594300927104e-05,2.3736753869733028e-07,3.1834129127997907e-07
11,85000000,wheel_left_joint,wheel_right_joint,1.9925690429190013e-05,2.1290308217736253e-05,-2.6195806016515374e-07,-1.8891236004442598e-07
11,119000000,wheel_left_joint,wheel_right_joint,1.9985203512540295e-05,2.135398727265425e-05,-2.523574614029904e-07,-1.788330576424921e-07
11,153000000,wheel_left_joint,wheel_right_joint,2.0045054911044247e-05,2.14180210074133e-05,2.6331032179231816e-07,3.463589046346087e-07
11,187000000,wheel_left_joint,wheel_right_joint,2.0104909244977875e-05,2.148207784902212e-05,-2.2364533929116175e-07,-1.4866172578175373e-07
11,221000000,wheel_left_joint,wheel_right_joint,2.01648648703312e-05,2.1546212071399395e-05,1.6549166087281766e-07,2.4695704713064304e-07
11,255000000,wheel_left_joint,wheel_right_joint,2.0224920111999722e-05,2.1610435119612248e-05,-2.0491777751572866e-07,-1.3037549468166744e-07
11,289000000,wheel_left_joint,wheel_right_joint,2.0284913669676996e-05,2.167459264157401e-05,-2.3642823994613794e-07,-1.6284012249972828e-07
11,323000000,wheel_left_joint,wheel_right_joint,0.001048200886340389,0.0010495327264639087,1.0273870945690826,1.0273160943679482
11,357000000,wheel_left_joint,wheel_right_joint,0.037104906931269,0.03710609078190341,2.0579109836380907,2.0578642984159714
11,391000000,wheel_left_joint,wheel_right_joint,0.10819194710386881,0.10819341443293506,3.0882599541165314,3.0882169230977885
11,425000000,wheel_left_joint,wheel_right_joint,0.21430932823784676,0.21431091456400253,4.118582748775473,4.118532272868017
11,459000000,wheel_left_joint,wheel_right_joint,0.35480482143755765,0.35490184101507083,4.496737941944933,4.592126875486974
11,493000000,wheel_left_joint,wheel_right_joint,0.5077774925489544,0.511030242646366,4.498916051662861,4.591697308959543
11,527000000,wheel_left_joint,wheel_right_joint,0.6606926610002608,0.6672045122487633,4.495922666092209,4.594634078369051
11,561000000,wheel_left_joint,wheel_right_joint,0.813546974206286,0.8234384635510121,4.495907682544867,4.59464564019724
11,595000000,wheel_left_joint,wheel_right_joint,0.9664442179392347,0.9796302534582155,4.497539491744386,4.593043726068258
11,629000000,wheel_left_joint,wheel_right_joint,1.119363933654446,1.1358000390873757,4.49713761943222,4.593438460371447
11,663000000,wheel_left_joint,wheel_right_joint,1.2722543822574028,1.291998569307685,4.496335215966251,4.594224279331078
11,697000000,wheel_left_joint,wheel_right_joint,1.4251395194446186,1.4482022954148945,4.496746271944845,4.593818975576935
11,731000000,wheel_left_joint,wheel_right_joint,1.5780418569049575,1.6043891471142055,4.4970799799833046,4.593490427201649
11,765000000,wheel_left_joint,wheel_right_joint,1.730942766368715,1.7605774024884013,4.496768504135318,4.593794589314126
11,799000000,wheel_left_joint,wheel_right_joint,1.8838345081944112,1.9167746272778992,4.496658498633677,4.593900250468428
11,833000000,wheel_left_joint,wheel_right_joint,2.0367292083815123,2.0729689177617523,4.496852853019168,4.593707178914678
11,867000000,wheel_left_joint,wheel_right_joint,2.189628141242249,2.2291590327587425,4.4968622093968715,4.593695545345735
11,901000000,wheel_left_joint,wheel_right_joint,2.342524361710785,2.385351786525357,4.496750211954067,4.593802386873311
11,935000000,wheel_left_joint,wheel_right_joint,2.4954188840761375,2.5415461763880707,4.496769205066044,4.593780124872955
11,969000000,wheel_left_joint,wheel_right_joint,2.6483152703492543,2.6977387057379794,4.496822305104603,4.593723946536049
12,3000000,wheel_left_joint,wheel_right_joint,2.8012120940924596,2.8539307729892176,4.496794844138811,4.5937461322967765
12,37000000,wheel_left_joint,wheel_right_joint,2.954107753021539,3.0101239451692283,4.4967678209879605,4.593766926957842
12,71000000,wheel_left_joint,wheel_right_joint,3.1070034766557058,3.16631710962933,4.4969428267052525,4.593904166475801
12,105000000,wheel_left_joint,wheel_right_joint,3.259900248597777,3.3225099000730616,4.496769087300909,4.593700683228748
12,139000000,wheel_left_joint,wheel_right_joint,3.4127970805667633,3.478702801899143,4.4969779800334715,4.59393240490243
12,173000000,wheel_left_joint,wheel_right_joint,3.565693896538849,3.63489615362605,4.49696965943053,4.593924871511233
12,207000000,wheel_left_joint,wheel_right_joint,3.718591000223083,3.7910894196017795,4.496985068002925,4.593924799002866
12,241000000,wheel_left_joint,wheel_right_joint,3.87148822923477,3.9472825624091703,4.496983705263278,4.593926144717206
12,275000000,wheel_left_joint,wheel_right_joint,4.024385191755877,4.103475756076412,4.4969777053148094,4.593932211555663
12,309000000,wheel_left_joint,wheel_right_joint,4.177281872972494,4.259668962545855,4.496975430616519,4.593935080866589
12,343000000,wheel_left_joint,wheel_right_joint,4.330178259428297,4.415862011128583,4.496745182456819,4.593706873754573
12,377000000,wheel_left_joint,wheel_right_joint,4.483074310376527,4.572055017500748,4.496736213704689,4.593708382975646
12,411000000,wheel_left_joint,wheel_right_joint,4.635969932387989,4.728247924134515,4.496741708478348,4.593720807655674
12,445000000,wheel_left_joint,wheel_right_joint,4.788865458673316,4.884440739312211,4.4967342813817055,4.5937072077349335
12,479000000,wheel_left_joint,wheel_right_joint,4.941761065706129,5.040633328623413,4.496723557686268,4.593687030426956
12,513000000,wheel_left_joint,wheel_right_joint,5.094656675769788,5.196825742741399,4.496702147498568,4.593663809214301
12,547000000,wheel_left_joint,wheel_right_joint,5.2475521543397265,5.353018024840336,4.496668038937581,4.593628736813009
12,581000000,wheel_left_joint,wheel_right_joint,5.400447456396476,5.509210049187114,4.49661084371254,4.593566472059191
12,615000000,wheel_left_joint,wheel_right_joint,5.553342464226034,5.665401643947249,4.496579411640642,4.593531306534128
12,649000000,wheel_left_joint,wheel_right_joint,5.706237689601723,5.8215934341427396,4.496663762712719,4.5936185085805175
12,683000000,wheel_left_joint,wheel_right_joint,5.859133252850005,5.977785641065312,4.496729464594372,4.593687343152568
12,717000000,wheel_left_joint,wheel_right_joint,6.012029096362355,6.133978156570995,4.496781950051607,4.593740392693568
12,751000000,wheel_left_joint,wheel_right_joint,6.164925176001191,6.290170895945017,4.496823013571039,4.593782101223788
12,785000000,wheel_left_joint,wheel_right_joint,6.317821422618994,6.446363826607001,4.496854622990502,4.5938153956325385
12,819000000,wheel_left_joint,wheel_right_joint,6.470717790971676,6.602556914551178,4.496879537984144,4.5938413835315695
12,853000000,wheel_left_joint,wheel_right_joint,6.623614316176015,6.758750154652592,4.496974077666759,4.593935748909826
12,887000000,wheel_left_joint,wheel_right_joint,6.776511006880515,6.914943435710079,4.496910790731466,4.593866157267578
12,921000000,wheel_left_joint,wheel_right_joint,6.929407932030665,7.0711367495237525,4.496979330785963,4.593930287938033
12,955000000,wheel_left_joint,wheel_right_joint,7.0823049480678915,7.227330061336476,4.496979845156199,4.593929675654862
12,989000000,wheel_left_joint,wheel_right_joint,7.23520202419226,7.383523380550684,4.496980659878739,4.593928857384187
13,23000000,wheel_left_joint,wheel_right_joint,7.388099113782772,7.539716693875318,4.49698026729741,4.59392932236421
13,57000000,wheel_left_joint,wheel_right_joint,7.540996161486431,7.695910036619108,4.496978437981574,4.593931109750249
13,91000000,wheel_left_joint,wheel_right_joint,7.693893092047451,7.852103426760088,4.496931147209004,4.59388895196485
13,125000000,wheel_left_joint,wheel_right_joint,7.846789884645127,8.008296900819072,4.496972210886803,4.5939373221437165
13,159000000,wheel_left_joint,wheel_right_joint,7.9996864962273,8.16449044022674,4.496933965757107,4.593906458006906
13,193000000,wheel_left_joint,wheel_right_joint,8.152582970418258,8.320684102114544,4.496936314694348,4.593915711882595
13,227000000,wheel_left_joint,wheel_right_joint,8.3054794285217,8.476877879421883,4.49694195231569,4.593921685547569
13,261000000,wheel_left_joint,wheel_right_joint,8.45837596454347,8.633071585482076,4.49695021801204,4.593922594621322
13,295000000,wheel_left_joint,wheel_right_joint,8.611272636888541,8.789265222495864,4.496955424395221,4.593924613671493
13,329000000,wheel_left_joint,wheel_right_joint,8.764169345038354,8.945458883726603,4.496957623312694,4.593928038509347
13,363000000,wheel_left_joint,wheel_right_joint,8.917066060251015,9.101652561292392,4.496960385772594,4.593929665574434
13,397000000,wheel_left_joint,wheel_right_joint,9.06996281823894,9.257846209590463,4.496963256099231,4.593930258709591
13,431000000,wheel_left_joint,wheel_right_joint,9.222859586728779,9.414039820799037,4.496963833721976,4.593929878676384
13,465000000,wheel_left_joint,wheel_right_joint,9.375756382570387,9.57023339793328,4.496972092488596,4.593935305031959
13,499000000,wheel_left_joint,wheel_right_joint,9.52865326163118,9.726426914922211,4.4969693929341705,4.593927515565263
13,533000000,wheel_left_joint,wheel_right_joint,9.681550217496483,9.882620395234255,4.496976150727273,4.593932929677441
13,567000000,wheel_left_joint,wheel_right_joint,9.834447203762435,10.038813865910232,4.4969771955805315,4.593932175680126
13,601000000,wheel_left_joint,wheel_right_joint,9.987344208766348,10.195007317685992,4.4969771311726054,4.593932019722701
13,635000000,wheel_left_joint,wheel_right_joint,10.14024122542417,10.351200774471813,4.496977186379607,4.593932174942591
13,669000000,wheel_left_joint,wheel_right_joint,10.293138224451397,10.507394247992849,4.49697415026263,4.5939306206337625
13,703000000,wheel_left_joint,wheel_right_joint,10.446035163925046,10.663587785127987,4.496972966227703,4.593935664858391
13,737000000,wheel_left_joint,wheel_right_joint,10.598932000277465,10.819781425484585,4.496970829237593,4.593938405369525
13,771000000,wheel_left_joint,wheel_right_joint,10.751828755049347,10.975975139305495,4.496967344500045,4.593938879366734
13,805000000,wheel_left_joint,wheel_right_joint,10.90472547598521,11.13216888778986,4.496967778339762,4.593940937557713
13,839000000,wheel_left_joint,wheel_right_joint,11.057622168853342,11.288362660996558,4.496966028091288,4.59394045972779
13,873000000,wheel_left_joint,wheel_right_joint,11.210518852370882,11.444556443487134,4.496966271787003,4.593940188881724
13,907000000,wheel_left_joint,wheel_right_joint,11.363415564482349,11.600750200474451,4.4969675781860206,4.593938802862996
13,941000000,wheel_left_joint,wheel_right_joint,11.516312327061636,11.756943901128581,4.496968999057165,4.593936776636662
13,975000000,wheel_left_joint,wheel_right_joint,11.669209132454043,11.913137561074512,4.496971431324657,4.593937698146155
14,9000000,wheel_left_joint,wheel_right_joint,11.822105963327427,12.069331192699597,4.496971388036739,4.593935563635572
14,43000000,wheel_left_joint,wheel_right_joint,11.975002835456397,12.22552478914594,4.4969725317445715,4.593934083762974
14,77000000,wheel_left_joint,wheel_right_joint,12.127899759264443,12.381718343928519,4.4969749476730145,4.5939343577827385
14,111000000,wheel_left_joint,wheel_right_joint,12.280796706489637,12.537911880401321,4.496974258490722,4.5939330569349694
14,145000000,wheel_left_joint,wheel_right_joint,12.433693663333127,12.694105412017581,4.496975388382609,4.593933924983389
14,179000000,wheel_left_joint,wheel_right_joint,12.586590625519248,12.850298941848557,4.496974444600718,4.593933604081286
14,213000000,wheel_left_joint,wheel_right_joint,12.739487577661304,13.006492484572956,4.496974452120419,4.59393410635915
14,247000000,wheel_left_joint,wheel_right_joint,12.89238449776693,13.162686058121086,4.496973785285297,4.593935489354563
14,281000000,wheel_left_joint,wheel_right_joint,13.045281377969435,13.318879671955418,4.4969722636687885,4.593936953980966
14,315000000,wheel_left_joint,wheel_right_joint,13.19817821414297,13.475073333318988,4.49697038891437,4.59393829196337
14,349000000,wheel_left_joint,wheel_right_joint,13.351075014708297,13.631267023776841,4.496970056660175,4.593938318017165
14,383000000,wheel_left_joint,wheel_right_joint,13.503971791384478,13.787460739204134,4.496969250463549,4.593939362151788
14,417000000,wheel_left_joint,wheel_right_joint,13.656868541224185,13.943654474340722,4.496968127955047,4.593939697236021
14,451000000,wheel_left_joint,wheel_right_joint,13.809765291371075,14.09984820550699,4.496968756520525,4.593938844380097
14,485000000,wheel_left_joint,wheel_right_joint,13.96266207003374,14.256041904281123,4.49696977663135,4.593937816753981
14,519000000,wheel_left_joint,wheel_right_joint,14.11555886933619,14.412235579779537,4.496970135214046,4.593937219510239
14,553000000,wheel_left_joint,wheel_right_joint,14.268455686338491,14.568429237912202,4.496970553766043,4.593936609894054
14,587000000,wheel_left_joint,wheel_right_joint,14.421352531498492,14.724622869978774,4.4969727941700235,4.593936444500105
14,621000000,wheel_left_joint,wheel_right_joint,14.574249415921788,14.88081646438866,4.49697279765509,4.593934531221822
14,655000000,wheel_left_joint,wheel_right_joint,14.727146326512594,15.037010037934257,4.496974225021984,4.5939350458256785
14,689000000,wheel_left_joint,wheel_right_joint,14.880043252682333,15.193203600614812,4.496973863300581,4.5939340297166185
14,723000000,wheel_left_joint,wheel_right_joint,15.0329401856731,15.349397159697105,4.496974671937433,4.59393462296565
14,757000000,wheel_left_joint,wheel_right_joint,15.185837120332994,15.505590718362013,4.496973491307939,4.5939344795285715
14,791000000,wheel_left_joint,wheel_right_joint,15.338734040796101,15.661784292529504,4.496973413894956,4.593934921189749
14,825000000,wheel_left_joint,wheel_right_joint,15.491630943988852,15.817977885908322,4.496973601527837,4.593935674111085
14,859000000,wheel_left_joint,wheel_right_joint,15.644527825119637,15.97417150168486,4.496972578208369,4.593936665696744
14,893000000,wheel_left_joint,wheel_right_joint,15.79742467361461,16.130365149887403,4.496970985334454,4.593937486250571
14,927000000,wheel_left_joint,wheel_right_joint,15.950321493250403,16.28655882055261,4.496970482622918,4.593937509495785
14,961000000,wheel_left_joint,wheel_right_joint,16.103218294919863,16.442752507581964,4.4969696213338715,4.5939383234098745
14,995000000,wheel_left_joint,wheel_right_joint,16.256115087305602,16.598946201248012,4.496970344451119,4.593938778800877
15,29000000,wheel_left_joint,wheel_right_joint,16.409011882473955,16.755139888295194,4.496970704946344,4.593938469865342
15,63000000,wheel_left_joint,wheel_right_joint,16.56190868311517,16.911333566861668,4.496970941096732,4.593938241227057
15,97000000,wheel_left_joint,wheel_right_joint,16.71480548490122,17.06752724208154,4.496970244069997,4.593936896399704
15,131000000,wheel_left_joint,wheel_right_joint,16.867702310703685,17.2237208961706,4.496971103202204,4.593936405996252
15,165000000,wheel_left_joint,wheel_right_joint,17.020599157089126,17.379914529355588,4.49697117592655,4.59393611086001
15,199000000,wheel_left_joint,wheel_right_joint,17.17349601491133,17.536108151281873,4.496971923717344,4.593935257726304
15,233000000,wheel_left_joint,wheel_right_joint,17.326392897513706,17.692301753220264,4.496972501235974,4.593935056629705
15,267000000,wheel_left_joint,wheel_right_joint,17.479289796837584,17.848495340698605,4.496973219364443,4.593934572935146
15,301000000,wheel_left_joint,wheel_right_joint,17.632186704706278,18.004688924579543,4.496973112765252,4.593934835901325
15,335000000,wheel_left_joint,wheel_right_joint,17.785083617703794,18.160882504992323,4.4969742478025285,4.593935049369717
15,369000000,wheel_left_joint,wheel_right_joint,17.937980531750398,18.317076087937426,4.496973169262203,4.593935108656965
15,403000000,wheel_left_joint,wheel_right_joint,18.090877428306026,18.47326968970905,4.496972624952436,4.593935639141683
15,437000000,wheel_left_joint,wheel_right_joint,18.243774301761192,18.629463311242596,4.496972732359968,4.593936519814651
15,471000000,wheel_left_joint,wheel_right_joint,18.396671170091217,18.785656938789742,4.496971817056725,4.593936520050473
15,505000000,wheel_left_joint,wheel_right_joint,18.549568016764447,18.94185058269465,4.496971243014095,4.593936793743592
15,539000000,wheel_left_joint,wheel_right_joint,18.702464838288666,19.09804425153824,4.49697006572922,4.593937750127608
15,573000000,wheel_left_joint,wheel_right_joint,18.85536165343633,19.25423792164278,4.49697056094864,4.593936933811239
15,607000000,wheel_left_joint,wheel_right_joint,19.008258477396254,19.410431585111954,4.496970694936516,4.593937362920024
15,641000000,wheel_left_joint,wheel_right_joint,19.161155294095515,19.566625252289697,4.4969700153182295,4.593937496821289
15,675000000,wheel_left_joint,wheel_right_joint,19.314052111672154,19.72281891662582,4.496970901003732,4.593936727348259
15,709000000,wheel_left_joint,wheel_right_joint,19.46694894583517,19.879012562901323,4.496970988980774,4.5939365090356095
15,743000000,wheel_left_joint,wheel_right_joint,19.619845785372632,20.03520620233474,4.496971428591894,4.593936175358288
15,777000000,wheel_left_joint,wheel_right_joint,19.772742638232238,20.191399831740544,4.4969718111098365,4.593935866531101
15,811000000,wheel_left_joint,wheel_right_joint,19.92563950732686,20.347593446858184,4.4969731677219364,4.593936091749919
15,845000000,wheel_left_joint,wheel_right_joint,20.078536384957122,20.503787056496712,4.496972117045121,4.593935669605273
15,879000000,wheel_left_joint,wheel_right_joint,20.231433268506894,20.6599806622426,4.496972458074075,4.593935064518035
15,913000000,wheel_left_joint,wheel_right_joint,20.384330152023853,20.816174271215807,4.496972824185814,4.5939363728486775
15,947000000,wheel_left_joint,wheel_right_joint,20.537227033238594,20.972367884465246,4.496972438536606,4.593935882537153
15,981000000,wheel_left_joint,wheel_right_joint,20.690123913385136,21.128561497464432,4.496973278402673,4.593935992541971
16,15000000,wheel_left_joint,wheel_right_joint,20.84302079518236,21.284755111349156,4.496972001145985,4.5939360840412
16,49000000,wheel_left_joint,wheel_right_joint,20.99591765969442,21.440948742806697,4.496971836357245,4.593936543560498
16,83000000,wheel_left_joint,wheel_right_joint,21.148814511705993,21.59714238184298,4.496972195188177,4.593937031601038
16,117000000,wheel_left_joint,wheel_right_joint,21.301711365368718,21.753336020199814,4.4969715988545325,4.593936609640285
16,151000000,wheel_left_joint,wheel_right_joint,21.454608208550738,21.90952966545962,4.496972008009212,4.593937230905615
16,185000000,wheel_left_joint,wheel_right_joint,21.607505045023473,22.065723317008977,4.496970919200306,4.593936876604103
16,219000000,wheel_left_joint,wheel_right_joint,21.76040188274976,22.221916964463375,4.49697213327509,4.593937103838128
16,253000000,wheel_left_joint,wheel_right_joint,21.913298728269385,22.3781106041226,4.49697147058632,4.593936351249696
16,287000000,wheel_left_joint,wheel_right_joint,22.066195580791874,22.534304234559464,4.496971418305985,4.593936195414559
16,321000000,wheel_left_joint,wheel_right_joint,22.219092430736865,22.69049786800105,4.496972306238479,4.5939369239148
16,355000000,wheel_left_joint,wheel_right_joint,22.37198927592441,22.84669150866188,4.496971920707116,4.593937236219392
16,389000000,wheel_left_joint,wheel_right_joint,22.52488612632009,23.00288514493509,4.496971547843089,4.5939362178036305
16,423000000,wheel_left_joint,wheel_right_joint,22.67778299263945,23.159078764002178,4.4969729043566256,4.593936333299094
16,457000000,wheel_left_joint,wheel_right_joint,22.830679860480313,23.315272384153058,4.496971882452463,4.593936261275866
16,491000000,wheel_left_joint,wheel_right_joint,22.983576716256877,23.471466020098525,4.496971574678609,4.593936668984979
16,525000000,wheel_left_joint,wheel_right_joint,23.136473572169546,23.627659657242152,4.496971643071978,4.5939364567417655
16,559000000,wheel_left_joint,wheel_right_joint,23.2893704371993,23.783853286360664,4.49697167478178,4.593936297313043
16,593000000,wheel_left_joint,wheel_right_joint,23.442267301985087,23.940046911531162,4.4969728721580715,4.593936388548665
16,627000000,wheel_left_joint,wheel_right_joint,23.595164172313055,24.096240533741955,4.49697205353054,4.593936070316567
16,661000000,wheel_left_joint,wheel_right_joint,23.748061038100687,24.252434158195314,4.4969723196179645,4.5939368652588985
16,695000000,wheel_left_joint,wheel_right_joint,23.90095789357597,24.408627796924545,4.496971087733395,4.593936732581609
16,729000000,wheel_left_joint,wheel_right_joint,24.053854747968455,24.564821431767296,4.496972517200848,4.593936715545533
16,763000000,wheel_left_joint,wheel_right_joint,24.206751612331587,24.721015057848195,4.496971902032529,4.59393586244461
16,797000000,wheel_left_joint,wheel_right_joint,24.359648468123357,24.877208691404622,4.496971710419394,4.59393724776974
16,831000000,wheel_left_joint,wheel_right_joint,24.51254531346575,25.03340233629958,4.496971386566967,4.593936679149292
16,865000000,wheel_left_joint,wheel_right_joint,24.66544216629194,25.18959597042157,4.496972460715589,4.593936719850818
16,899000000,wheel_left_joint,wheel_right_joint,24.818339035137228,25.3457895912964,4.496971957005366,4.593935958781905
16,933000000,wheel_left_joint,wheel_right_joint,24.97123589739079,25.501983215169908,4.496971239128131,4.59393627412378
16,967000000,wheel_left_joint,wheel_right_joint,25.124132755061073,25.658176846221615,4.4969717515797365,4.593936016022534
17,1000000,wheel_left_joint,wheel_right_joint,25.277029613352237,25.814370474429982,4.496971546410119,4.5939361803716166
17,35000000,wheel_left_joint,wheel_right_joint,25.429926477445154,25.97056409756965,4.496972827362194,4.593936417867687
17,69000000,wheel_left_joint,wheel_right_joint,25.582823338576098,26.126757725826035,4.496971634510077,4.593936428148326
17,103000000,wheel_left_joint,wheel_right_joint,25.735720189289047,26.28295136220328,4.4969721426612805,4.593937065073366
17,137000000,wheel_left_joint,wheel_right_joint,25.88861704333393,26.439144997670283,4.496971589750765,4.593936265579702
17,171000000,wheel_left_joint,wheel_right_joint,26.041513892425826,26.595338635783282,4.496971158797515,4.59393664854984
17,205000000,wheel_left_joint,wheel_right_joint,26.194410736485946,26.751532283556323,4.496971282628765,4.5939369990086245
17,239000000,wheel_left_joint,wheel_right_joint,26.34730757688872,26.907725931837938,4.4969715284889205,4.593936201646007
17,273000000,wheel_left_joint,wheel_right_joint,26.500204434997286,27.06391956379067,4.496972091379847,4.593936120869204
17,307000000,wheel_left_joint,wheel_right_joint,26.653101300431434,27.22011318674241,4.4969714954782285,4.593936167511452
17,341000000,wheel_left_joint,wheel_right_joint,26.805998159669013,27.376306816266734,4.49697231882328,4.593936909626034
17,375000000,wheel_left_joint,wheel_right_joint,26.958895022294872,27.532500445471108,4.4969717463847685,4.593936053243024
17,409000000,wheel_left_joint,wheel_right_joint,27.11179188089392,27.688694077025296,4.496972057674137,4.593936897015679
17,443000000,wheel_left_joint,wheel_right_joint,27.264688749295395,27.84488769868635,4.496973055726268,4.593936211161507
17,477000000,wheel_left_joint,wheel_right_joint,27.41758562321285,28.001081316155123,4.4969723323974025,4.593936053847506
17,511000000,wheel_left_joint,wheel_right_joint,27.57048248813519,28.157274940751478,4.496971557304331,4.5939361925107844
17,545000000,wheel_left_joint,wheel_right_joint,27.723379348629,28.313468569003618,4.49697228570778,4.593936892144662
17,579000000,wheel_left_joint,wheel_right_joint,27.876276213721145,28.46966219571275,4.496971833444049,4.59393600193813
17,613000000,wheel_left_joint,wheel_right_joint,28.029173068759825,28.625855830505557,4.496971520631917,4.593936201383094
17,647000000,wheel_left_joint,wheel_right_joint,28.182069923125418,28.782049467975632,4.496971575359529,4.593936285776764
17,681000000,wheel_left_joint,wheel_right_joint,28.334966789261717,28.938243090371273,4.4969728431688365,4.593936398835854
17,715000000,wheel_left_joint,wheel_right_joint,28.48786365001385,29.094436721136926,4.496971434440031,4.593936479178788
17,749000000,wheel_left_joint,wheel_right_joint,28.640760495609683,29.25063036440086,4.496971094438475,4.593936219267737
17,783000000,wheel_left_joint,wheel_right_joint,28.793657342759776,29.406824007084772,4.496971207046726,4.593936551267564
17,817000000,wheel_left_joint,wheel_right_joint,28.946554196122868,29.56301764092231,4.496972414722711,4.5939368146947
17,851000000,wheel_left_joint,wheel_right_joint,29.099451046635913,29.719211281143302,4.496971419260909,4.593936653277136
17,885000000,wheel_left_joint,wheel_right_joint,29.252347891431356,29.875404924521465,4.496972194882445,4.593937033528169
17,919000000,wheel_left_joint,wheel_right_joint,29.40524473822763,30.031598570744084,4.496971594069723,4.593937356394658
17,953000000,wheel_left_joint,wheel_right_joint,29.558141590338522,30.187792206892755,4.496972686997971,4.593936566920275
17,987000000,wheel_left_joint,wheel_right_joint,29.71103845603087,30.343985831808297,4.496972253942665,4.593936190193444
18,21000000,wheel_left_joint,wheel_right_joint,29.863935318881374,30.500179458388068,4.496971523042654,4.593936225741947
18,55000000,wheel_left_joint,wheel_right_joint,30.01683217910291,30.656373087666644,4.496972302457918,4.593936874982534
18,89000000,wheel_left_joint,wheel_right_joint,30.16972904554411,30.812566711004358,4.496972117998361,4.593935547605715
18,123000000,wheel_left_joint,wheel_right_joint,30.322625916307018,30.96876033355996,4.496972180439521,4.593936096206984
18,157000000,wheel_left_joint,wheel_right_joint,30.475522782672392,31.124953957602894,4.4969715151847,4.593936126716127
18,191000000,wheel_left_joint,wheel_right_joint,30.62841964699846,31.281147583373542,4.49697249294752,4.593936738237758
18,225000000,wheel_left_joint,wheel_right_joint,30.781316514453405,31.4373412110292,4.496971542138267,4.5939363766295225
18,259000000,wheel_left_joint,wheel_right_joint,30.934213372692483,31.593534847658205,4.496972072443345,4.59393645762201
18,293000000,wheel_left_joint,wheel_right_joint,31.087110237538433,31.749728472773572,4.496971669992635,4.593935971094223
18,327000000,wheel_left_joint,wheel_right_joint,31.240007105101405,31.905922093996146,4.496971902346299,4.593935772664875
18,361000000,wheel_left_joint,wheel_right_joint,31.392903961561334,32.06211573092082,4.496971284043883,4.593936614454686
18,395000000,wheel_left_joint,wheel_right_joint,31.5458008116663,32.2183093699075,4.496971689132786,4.593935994183532
18,429000000,wheel_left_joint,wheel_right_joint,31.69869766785672,32.374503005464895,4.49697171812827,4.593936403029541
18,463000000,wheel_left_joint,wheel_right_joint,31.85159451789299,32.530696644029135,4.496972130096886,4.5939370914491615
18,497000000,wheel_left_joint,wheel_right_joint,32.004491356211176,32.68689029882989,4.4969715380683475,4.593937612762135
18,531000000,wheel_left_joint,wheel_right_joint,32.15738819795585,32.84308395049378,4.496970974317026,4.593936745998178
18,565000000,wheel_left_joint,wheel_right_joint,32.31028505063058,32.99927759152975,4.496971484785308,4.5939365746440215
18,599000000,wheel_left_joint,wheel_right_joint,32.46318190331584,33.155471232743544,4.496971737666842,4.593936775828264
18,633000000,wheel_left_joint,wheel_right_joint,32.61607875367355,33.311664873782746,4.496971283292036,4.593935913129181
18,667000000,wheel_left_joint,wheel_right_joint,32.76897561142696,33.4678585107354,4.496972575022703,4.593936667427019
18,701000000,wheel_left_joint,wheel_right_joint,32.92187248461309,33.62405213075636,4.496972624531624,4.593935883445341
18,735000000,wheel_left_joint,wheel_right_joint,33.07476936044503,33.78024574625414,4.496971694068137,4.5939359224863265
18,769000000,wheel_left_joint,wheel_right_joint,33.22766622813526,33.936439370204624,4.496972656380042,4.593936593794705
18,803000000,wheel_left_joint,wheel_right_joint,33.38056309718452,34.09263299718377,4.49697185358939,4.593936093904376
18,837000000,wheel_left_joint,wheel_right_joint,33.53345996476919,34.248826621776985,4.496971955861134,4.593935720483913
18,871000000,wheel_left_joint,wheel_right_joint,33.68635682799956,34.40502025706741,4.496972306916594,4.593936918227418
18,905000000,wheel_left_joint,wheel_right_joint,33.83925368777034,34.56121389451561,4.496972041416783,4.593936934953049
18,939000000,wheel_left_joint,wheel_right_joint,33.992150552026274,34.717407527247516,4.496971565204657,4.593936305491711
18,973000000,wheel_left_joint,wheel_right_joint,34.145047414105285,34.87360116124325,4.496971776409546,4.593936521676177
19,7000000,wheel_left_joint,wheel_right_joint,34.297944269123505,35.029794797623325,4.496971498662048,4.593935647663872
19,41000000,wheel_left_joint,wheel_right_joint,34.45084113489245,35.18598842413361,4.49697189366478,4.593935970121929
19,75000000,wheel_left_joint,wheel_right_joint,34.60373799869954,35.34218204881058,4.496972202420619,4.593936959786393
19,109000000,wheel_left_joint,wheel_right_joint,34.756634852644495,35.49837568328013,4.496971254923497,4.593935872386786
19,143000000,wheel_left_joint,wheel_right_joint,34.90953170227171,35.65456932630212,4.496970881097674,4.593936617087558
19,177000000,wheel_left_joint,wheel_right_joint,35.062428554301604,35.81076296777107,4.49697176329185,4.593936889010178
19,211000000,wheel_left_joint,wheel_right_joint,35.21532539802224,35.96695661541004,4.496970946176313,4.593936228278346
19,245000000,wheel_left_joint,wheel_right_joint,35.368222242941705,36.1231502647817,4.496972218856317,4.593937006898166
19,279000000,wheel_left_joint,wheel_right_joint,35.521119096125446,36.279343906671286,4.496972103683816,4.59393706020418
19,313000000,wheel_left_joint,wheel_right_joint,35.67401595308329,36.43553754554057,4.496971167954481,4.5939365103215515
19,347000000,wheel_left_joint,wheel_right_joint,35.82691281028828,36.59173118464179,4.4969715595019,4.593936498541848
19,381000000,wheel_left_joint,wheel_right_joint,35.97980967174679,36.7479248151833,4.496972934907465,4.593936325019966
19,415000000,wheel_left_joint,wheel_right_joint,36.13270655035344,36.90411843084748,4.4969724410702065,4.59393587339651
19,449000000,wheel_left_joint,wheel_right_joint,36.285603423599696,37.06031204956756,4.496972271426223,4.5939366908296835
19,483000000,wheel_left_joint,wheel_right_joint,36.43850029117215,37.2165056740305,4.496972065903006,4.593935528782387
19,517000000,wheel_left_joint,wheel_right_joint,36.59139716402569,37.37269929909543,4.496971731550684,4.593936205230413
19,551000000,wheel_left_joint,wheel_right_joint,36.744294027837206,37.52889293458189,4.496971776740286,4.593936650597473
19,585000000,wheel_left_joint,wheel_right_joint,36.89719088675677,37.68508657430405,4.496971703609703,4.593936155310455
19,619000000,wheel_left_joint,wheel_right_joint,37.05008774884628,37.8412802056356,4.496971836170512,4.593935750655869
19,653000000,wheel_left_joint,wheel_right_joint,37.20298461287871,37.99747384003242,4.496972358970539,4.5939368612020735
19,687000000,wheel_left_joint,wheel_right_joint,37.355881470981174,38.153667478724145,4.496971886746119,4.5939370728291005
19,721000000,wheel_left_joint,wheel_right_joint,37.50877833306426,38.30986110593833,4.496972074102703,4.593935448977446
19,755000000,wheel_left_joint,wheel_right_joint,37.661675203635326,38.466054729316774,4.496971947535201,4.593936163415327
19,789000000,wheel_left_joint,wheel_right_joint,37.81457205933709,38.622248362677325,4.496971759352564,4.593937165219223
19,823000000,wheel_left_joint,wheel_right_joint,37.96746891063877,38.77844200532517,4.496971906063459,4.593936804143338
19,857000000,wheel_left_joint,wheel_right_joint,38.120365760990474,38.93463564522368,4.496971998962714,4.593937159959493
19,891000000,wheel_left_joint,wheel_right_joint,38.27326260969543,39.09082929296619,4.496970833233637,4.593936881488473
19,925000000,wheel_left_joint,wheel_right_joint,38.426159455329234,39.24702294369495,4.496971301014606,4.593936816056708
19,959000000,wheel_left_joint,wheel_right_joint,38.579056307952854,39.403216587515224,4.496971918087845,4.593936750875223
19,993000000,wheel_left_joint,wheel_right_joint,38.73195316274275,39.55941022593629,4.496971261652999,4.593935811085661
20,27000000,wheel_left_joint,wheel_right_joint,38.8848500191389,39.71560386630476,4.496972432386552,4.593936802861438
20,61000000,wheel_left_joint,wheel_right_joint,39.03774687906785,39.8717975041267,4.496972255499329,4.593936915020493
20,95000000,wheel_left_joint,wheel_right_joint,39.190643750484845,40.02799112457265,4.49697201878583,4.5939350156612075
20,129000000,wheel_left_joint,wheel_right_joint,39.3435406308001,40.18418474054228,4.4969720553234955,4.593935852351179
20,163000000,wheel_left_joint,wheel_right_joint,39.49643749969117,40.34037836423944,4.496972367725226,4.593936807519436
20,197000000,wheel_left_joint,wheel_right_joint,39.64933436875617,40.49657198840497,4.496971760472472,4.593935299041471
20,231000000,wheel_left_joint,wheel_right_joint,39.80223124075459,40.65276561484714,4.496971389766927,4.59393610095621
20,265000000,wheel_left_joint,wheel_right_joint,39.95512810963248,40.808959245157325,4.496972160815066,4.593936653724816
20,299000000,wheel_left_joint,wheel_right_joint,40.10802496644128,40.96515288456604,4.4969712277303495,4.593935877126397
20,333000000,wheel_left_joint,wheel_right_joint,40.26092182474213,41.12134652500188,4.496972518161426,4.593936719696236
20,367000000,wheel_left_joint,wheel_right_joint,40.41381868722712,41.27754016116446,4.4969722244762975,4.593936942945687
20,401000000,wheel_left_joint,wheel_right_joint,40.56671554659154,41.433733799982456,4.49697112039653,4.593936542386449
20,435000000,wheel_left_joint,wheel_right_joint,40.71961240137372,41.58992744267717,4.496971441036071,4.593936648267156
20,469000000,wheel_left_joint,wheel_right_joint,40.87250925579295,41.74612108514131,4.49697188095081,4.5939367921275505
20,503000000,wheel_left_joint,wheel_right_joint,41.025406113078375,41.90231471721409,4.4969721332736246,4.593936801308093
20,537000000,wheel_left_joint,wheel_right_joint,41.17830297668032,42.05850834273893,4.4969718430352135,4.593935626693554
20,571000000,wheel_left_joint,wheel_right_joint,41.331199836221565,42.21470197789465,4.496971651489753,4.593936498301984
20,605000000,wheel_left_joint,wheel_right_joint,41.48409668848474,42.370895615527516,4.496971846760144,4.593937075266353
20,639000000,wheel_left_joint,wheel_right_joint,41.63699354664739,42.52708925340446,4.496972136434238,4.59393668251429
20,673000000,wheel_left_joint,wheel_right_joint,41.789890401713755,42.683282890657985,4.496972059477845,4.593937102584824
20,707000000,wheel_left_joint,wheel_right_joint,41.94278725498595,42.839476537010384,4.4969709840832115,4.593936739763425
20,741000000,wheel_left_joint,wheel_right_joint,42.09568411004412,42.995670181848865,4.496971598687601,4.593936571062964
20,775000000,wheel_left_joint,wheel_right_joint,42.24858097363693,43.15186381836876,4.496972209654435,4.593936567768408
20,809000000,wheel_left_joint,wheel_right_joint,42.40147783713645,43.308057451253234,4.4969714171680035,4.5939355978572225
20,843000000,wheel_left_joint,wheel_right_joint,42.55437470146795,43.46425108684585,4.4969726191611095,4.593936626031367
20,877000000,wheel_left_joint,wheel_right_joint,42.70727156872667,43.620444720181354,4.496972402498004,4.5939367746969
20,911000000,wheel_left_joint,wheel_right_joint,42.86016844239667,43.77663834468125,4.496972606265666,4.593936041179937
20,945000000,wheel_left_joint,wheel_right_joint,43.013065321605346,43.93283195883035,4.496971700952482,4.59393581318477
20,979000000,wheel_left_joint,wheel_right_joint,43.16596219353866,44.089025580320424,4.496972847324713,4.593936411405116
21,13000000,wheel_left_joint,wheel_right_joint,43.31885906176124,44.24521920914637,4.496972202483887,4.5939363052806295
21,47000000,wheel_left_joint,wheel_right_joint,43.47175592529554,44.40141283938914,4.496972363280994,4.593936852706681
21,81000000,wheel_left_joint,wheel_right_joint,43.624652789304704,44.55760647304991,4.496972096044593,4.593936751627219
21,115000000,wheel_left_joint,wheel_right_joint,43.777549641281105,44.7138001166502,4.4969709839857535,4.593936046019573
21,149000000,wheel_left_joint,wheel_right_joint,43.93044649005482,44.86999376633038,4.496972220736413,4.593937005018157
21,183000000,wheel_left_joint,wheel_right_joint,44.083343344262204,45.02618741093002,4.496972043342599,4.593937115926496
21,217000000,wheel_left_joint,wheel_right_joint,44.236240199336706,45.182381054613366,4.496971011824875,4.59393664132101
21,251000000,wheel_left_joint,wheel_right_joint,44.38913705098135,45.338574701469994,4.496971355199836,4.593936765792024
21,285000000,wheel_left_joint,wheel_right_joint,44.54203390340919,45.494768347360775,4.496971886205512,4.593936875601547
21,319000000,wheel_left_joint,wheel_right_joint,44.69493075818394,45.650961984692145,4.4969723753151785,4.5939368388620245
21,353000000,wheel_left_joint,wheel_right_joint,44.84782762764996,45.80715561000132,4.496971977714521,4.593935716073418
21,387000000,wheel_left_joint,wheel_right_joint,45.00072449338373,45.963349236358745,4.496971420732721,4.593936253826398
21,421000000,wheel_left_joint,wheel_right_joint,45.15362135333974,46.119542868890754,4.4969725296423535,4.593936708711297
21,455000000,wheel_left_joint,wheel_right_joint,45.30651822145419,46.275736499753336,4.4969720499843735,4.593936503517959
21,489000000,wheel_left_joint,wheel_right_joint,45.459415085572594,46.4319301293108,4.49697238261122,4.593936791699037
21,523000000,wheel_left_joint,wheel_right_joint,45.612311950649996,46.58812376729597,4.496971209201355,4.593936533078121
21,557000000,wheel_left_joint,wheel_right_joint,45.76520881135122,46.74431740949979,4.49697167574306,4.593936546601384
21,591000000,wheel_left_joint,wheel_right_joint,45.918105678036795,46.90051104537637,4.496972329851291,4.593936551528215
21,625000000,wheel_left_joint,wheel_right_joint,46.07100254492849,47.05670467640245,4.496971442014615,4.593935506961825
21,659000000,wheel_left_joint,wheel_right_joint,46.22389940997553,47.21289831252202,4.496972558451466,4.593936682355347
21,693000000,wheel_left_joint,wheel_right_joint,46.37679627423531,47.36909194963416,4.496972269396515,4.593936898027129
21,727000000,wheel_left_joint,wheel_right_joint,46.52969314138987,47.525285582589234,4.496971818117676,4.593936046690553
21,761000000,wheel_left_joint,wheel_right_joint,46.68259001187226,47.68147920401578,4.49697254431536,4.593936620341606
21,795000000,wheel_left_joint,wheel_right_joint,46.8354868806177,47.837672827289055,4.496971434997001,4.593935410822092
21,829000000,wheel_left_joint,wheel_right_joint,46.98838374185071,47.99386646232805,4.496971468174035,4.593936436589329
21,863000000,wheel_left_joint,wheel_right_joint,47.14128059868527,48.15006009726414,4.496972314337425,4.5939369011000935
21,897000000,wheel_left_joint,wheel_right_joint,47.29417745726889,48.30625373666724,4.496971881721978,4.593936651972085
21,931000000,wheel_left_joint,wheel_right_joint,47.44707430887709,48.462447381202416,4.496970927587265,4.593936043980178
21,965000000,wheel_left_joint,wheel_right_joint,47.59997115535451,48.61864103455959,4.496972104619507,4.593937117584358
21,999000000,wheel_left_joint,wheel_right_joint,47.752868007876614,48.77483468267383,4.496972039101063,4.593937118091644
22,33000000,wheel_left_joint,wheel_right_joint,47.90576486651343,48.931028325031924,4.496971138808706,4.593936513322322
22,67000000,wheel_left_joint,wheel_right_joint,48.05866172418322,49.08722196842833,4.496971512060286,4.5939366481452595
22,101000000,wheel_left_joint,wheel_right_joint,48.21155858278813,49.24341561098878,4.496972082617577,4.593936775298121
22,135000000,wheel_left_joint,wheel_right_joint,48.364455442940844,49.399609246055626,4.496971848609218,4.593935521923567
22,169000000,wheel_left_joint,wheel_right_joint,48.51735231909006,49.55580286883476,4.4969723291776615,4.5939358323815185
22,203000000,wheel_left_joint,wheel_right_joint,48.6702491943705,49.71199648728285,4.496972299734028,4.5939366248160045
22,237000000,wheel_left_joint,wheel_right_joint,48.82314606281324,49.868190112588394,4.496971839203221,4.593935522706761
22,271000000,wheel_left_joint,wheel_right_joint,48.97604293497987,50.02438374065254,4.496972079796758,4.593936154303438
22,305000000,wheel_left_joint,wheel_right_joint,49.12893980294278,50.18057736944349,4.496972629184147,4.593936618224759
22,339000000,wheel_left_joint,wheel_right_joint,49.281836671826895,50.336771003179315,4.496971279839891,4.593936464426367
22,373000000,wheel_left_joint,wheel_right_joint,49.434733531632276,50.492964647356885,4.496971550138116,4.593936707627934
22,407000000,wheel_left_joint,wheel_right_joint,49.587630392571434,50.6491582895168,4.496972199550451,4.593936767070002
22,441000000,wheel_left_joint,wheel_right_joint,49.7405272545577,50.805351925246754,4.4969712836166975,4.593935584290107
22,475000000,wheel_left_joint,wheel_right_joint,49.89342411479651,50.9615455660135,4.496972385293522,4.593936842651696
22,509000000,wheel_left_joint,wheel_right_joint,50.04632097223143,51.11773920988982,4.496972053351717,4.593937103162469
22,543000000,wheel_left_joint,wheel_right_joint,50.1992178325907,51.273932849640204,4.496971646531101,4.59393621898241
22,577000000,wheel_left_joint,wheel_right_joint,50.35211469780654,51.430126476026004,4.49697241701374,4.593936744459365
22,611000000,wheel_left_joint,wheel_right_joint,50.50501156251969,51.586320103438254,4.49697129136149,4.593935474937365
22,645000000,wheel_left_joint,wheel_right_joint,50.6579084212009,51.74251374189796,4.496971413614846,4.593936498889858
22,679000000,wheel_left_joint,wheel_right_joint,50.810805277538144,51.89870737815786,4.496972324954205,4.593936888976826
22,713000000,wheel_left_joint,wheel_right_joint,50.9637021339556,52.05490102358663,4.496971664552902,4.593937297844097
22,747000000,wheel_left_joint,wheel_right_joint,51.11659898563885,52.21109467552049,4.4969712016620225,4.59393677520926
22,781000000,wheel_left_joint,wheel_right_joint,51.26949584435734,52.36728832022236,4.496971953363481,4.5939366854960495
22,815000000,wheel_left_joint,wheel_right_joint,51.42239270855162,52.52348195943216,4.496971710703478,4.593936142341997
22,849000000,wheel_left_joint,wheel_right_joint,51.575289568109206,52.67967559656861,4.496971560349281,4.593935815197908
22,883000000,wheel_left_joint,wheel_right_joint,51.72818643804909,52.83586922836233,4.49697193721061,4.5939359305644185
22,917000000,wheel_left_joint,wheel_right_joint,51.881083315651814,52.99206284546581,4.496972836204879,4.593936397898528
22,951000000,wheel_left_joint,wheel_right_joint,52.03398019197883,53.14825646930894,4.496972012312648,4.593935795294378
22,985000000,wheel_left_joint,wheel_right_joint,52.18687705690907,53.30445010030661,4.496971996780559,4.593936891983547
23,19000000,wheel_left_joint,wheel_right_joint,52.33977392411166,53.46064372975141,4.496971497381559,4.593935387897774
23,53000000,wheel_left_joint,wheel_right_joint,52.49267079024463,53.61683736662837,4.4969724384543595,4.5939367951929135
23,87000000,wheel_left_joint,wheel_right_joint,52.64556764950569,53.77303101257478,4.496972046052138,4.593937114531728
23,121000000,wheel_left_joint,wheel_right_joint,52.798464512140285,53.92922465457058,4.496971258626684,4.593936360442838
23,155000000,wheel_left_joint,wheel_right_joint,52.95136137712764,54.08541829337609,4.496971641891709,4.59393649191062
23,189000000,wheel_left_joint,wheel_right_joint,53.104258237726455,54.24161193562482,4.496971789048788,4.593936642948774
23,223000000,wheel_left_joint,wheel_right_joint,53.25715509319591,54.397805576814406,4.49697110203732,4.593935663843979
23,257000000,wheel_left_joint,wheel_right_joint,53.41005195785387,54.55399921071263,4.496971625637712,4.593936113868032
23,291000000,wheel_left_joint,wheel_right_joint,53.56294882602626,54.71019283649731,4.496972636896959,4.593936601298976
23,325000000,wheel_left_joint,wheel_right_joint,53.71584569034695,54.86638647157531,4.496972303311645,4.593936831999273
23,359000000,wheel_left_joint,wheel_right_joint,53.868742547363574,55.022580108882835,4.496971238701815,4.593936334770485
23,393000000,wheel_left_joint,wheel_right_joint,54.021639405560514,55.178773744909066,4.496971295990995,4.5939354850268534
23,427000000,wheel_left_joint,wheel_right_joint,54.174536266968374,55.33496738340082,4.496970943536074,4.593936277924285
23,461000000,wheel_left_joint,wheel_right_joint,54.327433123038745,55.491161030860624,4.496971038557929,4.593936441586807
23,495000000,wheel_left_joint,wheel_right_joint,54.48032997964903,55.64735467708496,4.496971662463421,4.593936370033036
23,529000000,wheel_left_joint,wheel_right_joint,54.633226842066776,55.803548312828106,4.49697140785718,4.593935530872672
23,563000000,wheel_left_joint,wheel_right_joint,54.78612370758272,55.95974194964146,4.49697256123987,4.593936677721973
23,597000000,wheel_left_joint,wheel_right_joint,54.93902057233447,56.115935588687755,4.496972253882798,4.593936909745451
23,631000000,wheel_left_joint,wheel_right_joint,55.09191744024457,56.27212922509448,4.496971303956316,4.593936147528629
23,665000000,wheel_left_joint,wheel_right_joint,55.244814310978335,56.42832285311713,4.496971876118992,4.593935236406804
23,699000000,wheel_left_joint,wheel_right_joint,55.39771119291975,56.58451647589761,4.496972173345693,4.5939361462960315
23,733000000,wheel_left_joint,wheel_right_joint,55.5506080641031,56.74071010285435,4.4969724762175085,4.593936745610692
23,767000000,wheel_left_joint,wheel_right_joint,55.703504934548306,56.89690373612258,4.496972095979458,4.593936014564646
23,801000000,wheel_left_joint,wheel_right_joint,55.85640180027783,57.05309736702163,4.496972012693028,4.593936891254176
23,835000000,wheel_left_joint,wheel_right_joint,56.00929866474762,57.20929100062935,4.496971337356158,4.593935640372883
23,869000000,wheel_left_joint,wheel_right_joint,56.16219552175005,57.36548464393553,4.496972251591094,4.593936974325477
23,903000000,wheel_left_joint,wheel_right_joint,56.31509237608715,57.521678291460006,4.496972009772932,4.5939371393850985
23,937000000,wheel_left_joint,wheel_right_joint,56.46798923578861,57.67787193398237,4.496971058427943,4.593936332186558
23,971000000,wheel_left_joint,wheel_right_joint,56.62088609556623,57.8340655764768,4.4969712808961315,4.5939364090943124
24,5000000,wheel_left_joint,wheel_right_joint,56.77378295198211,57.990259222070705,4.496971625849688,4.59393660451438
24,39000000,wheel_left_joint,wheel_right_joint,56.926679806757136,58.146452864663466,4.496971241008913,4.593935821754434
24,73000000,wheel_left_joint,wheel_right_joint,57.079576665241554,58.30264650645513,4.496972434965317,4.59393679539423
24,107000000,wheel_left_joint,wheel_right_joint,57.232473536816784,58.45884013937335,4.4969729446638915,4.593936729512909
24,141000000,wheel_left_joint,wheel_right_joint,57.38537040713066,58.615033767427825,4.496971558680145,4.593936274369261
24,175000000,wheel_left_joint,wheel_right_joint,57.538267269051744,58.77122740215191,4.49697137890859,4.5939356149656545
24,209000000,wheel_left_joint,wheel_right_joint,57.69116413677696,58.92742103842399,4.496971892262918,4.593936379446429
24,243000000,wheel_left_joint,wheel_right_joint,57.844061005849866,59.083614667347305,4.496972556999215,4.593936664492959
24,277000000,wheel_left_joint,wheel_right_joint,57.99695786814507,59.23980830792661,4.496971768658072,4.593937135584369
24,311000000,wheel_left_joint,wheel_right_joint,58.1498547263333,59.396001953225486,4.496971200531718,4.593936280440371
24,345000000,wheel_left_joint,wheel_right_joint,58.30275159362716,59.55219558948337,4.496971787905078,4.593936092010178
24,379000000,wheel_left_joint,wheel_right_joint,58.45564846252048,59.70838922383685,4.496971963717234,4.593936263016185
24,413000000,wheel_left_joint,wheel_right_joint,58.608545323171704,59.86458285936924,4.496971642095121,4.593935857670243
24,447000000,wheel_left_joint,wheel_right_joint,58.761442187948674,60.02077649838541,4.496972430914239,4.593936785344003
24,481000000,wheel_left_joint,wheel_right_joint,58.914339065847045,60.176970126189616,4.496972483338195,4.593935819656908
24,515000000,wheel_left_joint,wheel_right_joint,59.06723594103178,60.33316375032166,4.4969718154502285,4.593936255603644
24,549000000,wheel_left_joint,wheel_right_joint,59.2201328039136,60.48935738503602,4.4969722497611295,4.593936959346724
24,583000000,wheel_left_joint,wheel_right_joint,59.373029667131604,60.645551024306805,4.496971982803931,4.593936630579206
24,617000000,wheel_left_joint,wheel_right_joint,59.52592652667968,60.801744660519475,4.49697245294691,4.593936780428436
24,651000000,wheel_left_joint,wheel_right_joint,59.67882338200128,60.95793830641243,4.496971897174948,4.593937254148843
24,685000000,wheel_left_joint,wheel_right_joint,59.83172023595995,61.114131953873574,4.496970924972045,4.593936437682682
24,719000000,wheel_left_joint,wheel_right_joint,59.98461709518149,61.27032559625164,4.496971363933632,4.593936316444008
24,753000000,wheel_left_joint,wheel_right_joint,60.137513954730096,61.426519238203966,4.496971699777817,4.5939365327343165
24,787000000,wheel_left_joint,wheel_right_joint,60.29041081019762,61.582712879983006,4.496971209848531,4.593935805726921
24,821000000,wheel_left_joint,wheel_right_joint,60.44330767203349,61.738906519124136,4.496972118605449,4.59393684560975
24,855000000,wheel_left_joint,wheel_right_joint,60.59620454455876,61.89510014520647,4.496972051817819,4.593935439754394
24,889000000,wheel_left_joint,wheel_right_joint,60.74910141913767,62.05129377717651,4.496972113370517,4.593936594255818
24,923000000,wheel_left_joint,wheel_right_joint,60.901998282580806,62.20748741239065,4.496972242366092,4.59393692565292
24,957000000,wheel_left_joint,wheel_right_joint,61.05489515317681,62.36368104634828,4.4969719879850665,4.593936202216569
24,991000000,wheel_left_joint,wheel_right_joint,61.207792019525094,62.51987467803734,4.496971438313322,4.5939362685384175
25,25000000,wheel_left_joint,wheel_right_joint,61.360688883361306,62.6760683166562,4.496971256543005,4.593936299975631
25,59000000,wheel_left_joint,wheel_right_joint,61.513585742656915,62.8322619601631,4.496971722388111,4.593936413312102
25,93000000,wheel_left_joint,wheel_right_joint,61.66648260507471,62.98845559523568,4.496971409544241,4.593935510623896
25,127000000,wheel_left_joint,wheel_right_joint,61.819379470591585,63.144649230131954,4.496972578702524,4.593936658734896
25,161000000,wheel_left_joint,wheel_right_joint,61.97227633376636,63.30084286873738,4.496972181304709,4.593936974600001
25,195000000,wheel_left_joint,wheel_right_joint,62.12517319696902,63.4570365074138,4.496971170276091,4.593936269772458
25,229000000,wheel_left_joint,wheel_right_joint,62.27807006105025,63.61323014502441,4.496971490756208,4.593936264315792
25,263000000,wheel_left_joint,wheel_right_joint,62.43096692446525,63.76942377889372,4.496972787068935,4.593936457779806
25,297000000,wheel_left_joint,wheel_right_joint,62.583863800819955,63.92561740896198,4.4969726119863305,4.593936663961809
25,331000000,wheel_left_joint,wheel_right_joint,62.736760666103834,64.08181104107038,4.496972426855753,4.593936809209669
25,365000000,wheel_left_joint,wheel_right_joint,62.88965753051757,64.23800468218394,4.496972654419229,4.5939370697715765
25,399000000,wheel_left_joint,wheel_right_joint,63.04255439462293,64.3941983169951,4.49697147343436,4.593936283395139
25,433000000,wheel_left_joint,wheel_right_joint,63.1954512557659,64.5503919522705,4.496971264792323,4.5939355166465194
25,467000000,wheel_left_joint,wheel_right_joint,63.34834811629994,64.70658559431835,4.496970903438661,4.5939363569030816
25,501000000,wheel_left_joint,wheel_right_joint,63.501244971123114,64.86277924045058,4.496971124217517,4.593936429726177
25,535000000,wheel_left_joint,wheel_right_joint,63.65414182785241,65.01897288458818,4.496971706728861,4.593936434894529
25,569000000,wheel_left_joint,wheel_right_joint,63.80703868763491,65.17516652195427,4.496971294559977,4.593935601379386
25,603000000,wheel_left_joint,wheel_right_joint,63.95993554888875,65.33136016033156,4.496972495687107,4.593936737848843
25,637000000,wheel_left_joint,wheel_right_joint,64.1128324109231,65.48755379991141,4.496972213300996,4.593936947122833
25,671000000,wheel_left_joint,wheel_right_joint,64.26572927591813,65.64374743712395,4.496971236591372,4.593936213786811
25,705000000,wheel_left_joint,wheel_right_joint,64.41862614222936,65.79994107316806,4.496971562160962,4.593936214435018
25,739000000,wheel_left_joint,wheel_right_joint,64.57152300925542,65.95613470952038,4.496972246926641,4.593936093128617
25,773000000,wheel_left_joint,wheel_right_joint,64.72441988568141,66.11232833524437,4.496972109236508,4.593936090320247
25,807000000,wheel_left_joint,wheel_right_joint,64.87731676071374,66.26852196088267,4.496972779170093,4.593936459644182
25,841000000,wheel_left_joint,wheel_right_joint,65.03021362965747,66.4247155964207,4.496972084758431,4.593936695245249
25,875000000,wheel_left_joint,wheel_right_joint,65.1831104953847,66.58090923013016,4.496972349007503,4.593936816111624
25,909000000,wheel_left_joint,wheel_right_joint,65.33600736605914,66.73710285937209,4.49697156782762,4.593935278226554
25,943000000,wheel_left_joint,wheel_right_joint,65.48890423294259,66.89329649565286,4.496970928529994,4.593936298286045
25,977000000,wheel_left_joint,wheel_right_joint,65.64180108592028,67.04949014303374,4.496971028609396,4.593936504893565
26,11000000,wheel_left_joint,wheel_right_joint,65.79469794108495,67.20568378813418,4.496971710117505,4.5939364271457865
26,45000000,wheel_left_joint,wheel_right_joint,65.94759480110277,67.36187742483769,4.496971264602902,4.593935601093976
26,79000000,wheel_left_joint,wheel_right_joint,66.10049165948003,67.51807106524869,4.496972372594951,4.593936863261821
26,113000000,wheel_left_joint,wheel_right_joint,66.25338851634831,67.67426470898266,4.496972079071754,4.593937078421019
26,147000000,wheel_left_joint,wheel_right_joint,66.4062853768495,67.83045834954169,4.496971124284952,4.5939363025123745
26,181000000,wheel_left_joint,wheel_right_joint,66.55918223889053,67.98665198863219,4.496971439822373,4.593936318219192
26,215000000,wheel_left_joint,wheel_right_joint,66.71207910102174,68.14284562430018,4.496972772134941,4.593936470241512
26,249000000,wheel_left_joint,wheel_right_joint,66.86497597852264,68.29903925400521,4.4969727303701745,4.593936615873667
26,283000000,wheel_left_joint,wheel_right_joint,67.01787284933813,68.45523288344435,4.496972129002116,4.5939368592247245
26,317000000,wheel_left_joint,wheel_right_joint,67.17076971487813,68.61142651748636,4.496971813988794,4.593935643262415
26,351000000,wheel_left_joint,wheel_right_joint,67.3236665877169,68.7676201541333,4.496972322887728,4.593936525838787
26,385000000,wheel_left_joint,wheel_right_joint,67.47656345243993,68.92381378706304,4.496972495222924,4.5939367456855935
26,419000000,wheel_left_joint,wheel_right_joint,67.62946030887697,69.08000743146084,4.496971986172705,4.593937171940881
26,453000000,wheel_left_joint,wheel_right_joint,67.78235716846211,69.23620107310018,4.496971133244471,4.59393620459861
26,487000000,wheel_left_joint,wheel_right_joint,67.93525403484452,69.39239470807297,4.496971540881296,4.593936146864764
26,521000000,wheel_left_joint,wheel_right_joint,68.08815089873355,69.5485883452474,4.496971816704191,4.593936452046029
26,555000000,wheel_left_joint,wheel_right_joint,68.24104775784078,69.70478198342853,4.496971276836033,4.593935654992997
26,589000000,wheel_left_joint,wheel_right_joint,68.39394461962758,69.86097562025975,4.496972565173883,4.593936666114017
26,623000000,wheel_left_joint,wheel_right_joint,68.54684149737021,70.01716925098195,4.496972430078749,4.593936032576988
26,657000000,wheel_left_joint,wheel_right_joint,68.6997383705266,70.17336287692217,4.496971344653185,4.593935960607843
26,691000000,wheel_left_joint,wheel_right_joint,68.85263523525003,70.32955651124813,4.496972448458534,4.59393678677537
26,725000000,wheel_left_joint,wheel_right_joint,69.00553210425478,70.48575014883505,4.496972809838425,4.593937073247266
26,759000000,wheel_left_joint,wheel_right_joint,69.15842896183997,70.64194378634853,4.496971363565174,4.5939360222849395
26,793000000,wheel_left_joint,wheel_right_joint,69.31132581460231,70.79813743543917,4.496972100466506,4.593937112263144
26,827000000,wheel_left_joint,wheel_right_joint,69.46422267286668,70.95433107804445,4.496971976211121,4.593936947251871
26,861000000,wheel_left_joint,wheel_right_joint,69.61711953608554,71.11052471615113,4.4969712887362965,4.593936294305781
26,895000000,wheel_left_joint,wheel_right_joint,69.77001639603243,71.26671835725452,4.496971551140465,4.593936462836738
26,929000000,wheel_left_joint,wheel_right_joint,69.92291325613894,71.42291199420109,4.496972633483094,4.5939365990655645
26,963000000,wheel_left_joint,wheel_right_joint,70.07581013609249,71.5791056218213,4.4969731779628646,4.593936844906019
26,997000000,wheel_left_joint,wheel_right_joint,70.2287070076737,71.73529925088876,4.496971475048052,4.593936459356153
27,31000000,wheel_left_joint,wheel_right_joint,70.38160386672801,71.89149289088724,4.496971307443251,4.593935621886183
27,65000000,wheel_left_joint,wheel_right_joint,70.53450072924035,72.04768653171823,4.496972316535863,4.593936901626198
27,99000000,wheel_left_joint,wheel_right_joint,70.68739758996739,72.2038801721137,4.496971932461087,4.593936993318585
27,133000000,wheel_left_joint,wheel_right_joint,70.84029445212596,72.36007381147444,4.49697130462291,4.593936272629283
27,167000000,wheel_left_joint,wheel_right_joint,70.99319131556881,72.51626744929416,4.496971690613514,4.593936326881134
27,201000000,wheel_left_joint,wheel_right_joint,71.14608818497425,72.67246107966304,4.496972541153204,4.593936634806534
27,235000000,wheel_left_joint,wheel_right_joint,71.29898506180402,72.8286547040388,4.496971760250626,4.593935273453502
27,269000000,wheel_left_joint,wheel_right_joint,71.45188193066267,72.984848339241,4.496971042385789,4.593936401633648
27,303000000,wheel_left_joint,wheel_right_joint,71.6047787913546,73.14104197738797,4.496971680019766,4.5939358460452
27,337000000,wheel_left_joint,wheel_right_joint,71.75767565252846,73.29723561799645,4.496972240226824,4.5939369699438455
27,371000000,wheel_left_joint,wheel_right_joint,71.91057251054755,73.45342926070545,4.4969718675719745,4.593937055694567
27,405000000,wheel_left_joint,wheel_right_joint,72.06346937131684,73.60962290119548,4.49697129226079,4.593936308825996
27,439000000,wheel_left_joint,wheel_right_joint,72.21636623348282,73.76581654022128,4.496971652650555,4.593936396598586
27,473000000,wheel_left_joint,wheel_right_joint,72.36926309234694,73.9220101775925,4.496971482064285,4.593935481870107
27,507000000,wheel_left_joint,wheel_right_joint,72.52215996746803,74.07820380819818,4.496971895356333,4.593935781553548
27,541000000,wheel_left_joint,wheel_right_joint,72.6750568406044,74.2343974343159,4.496972346886214,4.593936811889256
27,575000000,wheel_left_joint,wheel_right_joint,72.82795370651668,74.39059106894256,4.496971379476198,4.593935569937641
27,609000000,wheel_left_joint,wheel_right_joint,72.9808505700318,74.54678471042429,4.496971033439656,4.5939362722990404
27,643000000,wheel_left_joint,wheel_right_joint,73.13374743616403,74.70297834806416,4.496971955449888,4.593936538351701
27,677000000,wheel_left_joint,wheel_right_joint,73.28664429230348,74.859171990449,4.496971113576297,4.593935907122428
27,711000000,wheel_left_joint,wheel_right_joint,73.43954114705332,75.01536563480188,4.4969724196150205,4.593936813174021
27,745000000,wheel_left_joint,wheel_right_joint,73.5924380094621,75.1715592739724,4.496972257133386,4.593936908499912
27,779000000,wheel_left_joint,wheel_right_joint,73.7453348735613,75.32775291170867,4.496971183897849,4.5939363504671995
27,813000000,wheel_left_joint,wheel_right_joint,73.89823173507307,75.48394655188434,4.496971482470839,4.593936401226667
27,847000000,wheel_left_joint,wheel_right_joint,74.05112859821709,75.64014018578595,4.496972877977863,4.593936376295066
27,881000000,wheel_left_joint,wheel_right_joint,74.20402548017607,75.79633381033277,4.496972266418674,4.593935904033715
27,915000000,wheel_left_joint,wheel_right_joint,74.35692235229,75.9525274367534,4.496972101449518,4.593936825597444
27,949000000,wheel_left_joint,wheel_right_joint,74.50981921858668,76.10872107244361,4.496971346985395,4.593935705010567
27,983000000,wheel_left_joint,wheel_right_joint,74.66271608368444,76.26491470951811,4.496971447901732,4.593936157894381
28,17000000,wheel_left_joint,wheel_right_joint,74.81561294788213,76.42110834740878,4.496971651593678,4.593936580104277
28,51000000,wheel_left_joint,wheel_right_joint,74.96850980368353,76.57730199339814,4.4969718790342466,4.593936786053823
28,85000000,wheel_left_joint,wheel_right_joint,75.12140665919972,76.73349563320839,4.496971646970013,4.593935876889889
28,119000000,wheel_left_joint,wheel_right_joint,75.27430352332931,76.88968927192127,4.4969723849220715,4.5939368355914265
28,153000000,wheel_left_joint,wheel_right_joint,75.42720038551258,77.04588291154792,4.496971933866803,4.593937015515917
28,187000000,wheel_left_joint,wheel_right_joint,75.58009725357573,77.20207654173846,4.49697212034576,4.593935369615916
28,221000000,wheel_left_joint,wheel_right_joint,75.7329941340127,77.3582701680662,4.496972029461326,4.593935939811583
28,255000000,wheel_left_joint,wheel_right_joint,75.88589100090248,77.51446379956622,4.496971976593507,4.593936939877966
28,289000000,wheel_left_joint,wheel_right_joint,76.03878786365794,77.6706574408961,4.496971577664286,4.5939366699586826
28,323000000,wheel_left_joint,wheel_right_joint,76.19168471763241,77.8268510887317,4.496971875748515,4.593936811535067
28,357000000,wheel_left_joint,wheel_right_joint,76.34458157289498,77.98304472862071,4.496971643287247,4.5939358728209205
28,391000000,wheel_left_joint,wheel_right_joint,76.49747843614821,78.13923836788524,4.496972353262511,4.593936860085618
28,425000000,wheel_left_joint,wheel_right_joint,76.65037530044913,78.29543200648715,4.4969714652157196,4.593936117352368
28,459000000,wheel_left_joint,wheel_right_joint,76.8032721707839,78.45162563390255,4.496972671680745,4.593936553845494
28,493000000,wheel_left_joint,wheel_right_joint,76.95616904830955,78.60781926221992,4.496972326596481,4.5939362583685375
28,527000000,wheel_left_joint,wheel_right_joint,77.10906590897511,78.76401289863126,4.496971833176629,4.593937086164901
28,561000000,wheel_left_joint,wheel_right_joint,77.26196277197833,78.92020653925572,4.496971716589862,4.593936543011855
28,595000000,wheel_left_joint,wheel_right_joint,77.41485963076329,79.07640018212996,4.49697197325371,4.593936729939522
28,629000000,wheel_left_joint,wheel_right_joint,77.56775648637498,79.2325938214439,4.496971594077284,4.593935912555114
28,663000000,wheel_left_joint,wheel_right_joint,77.7206533488888,79.3887874611891,4.496972366415564,4.593936843685683
28,697000000,wheel_left_joint,wheel_right_joint,77.87355021193622,79.5449810993747,4.496971986721672,4.593936953813146
28,731000000,wheel_left_joint,wheel_right_joint,78.02644708011888,79.70117473477382,4.496972386975361,4.59393614080186
28,765000000,wheel_left_joint,wheel_right_joint,78.17934395664692,79.85736835664882,4.4969717190926035,4.593935866482997
28,799000000,wheel_left_joint,wheel_right_joint,78.3322408276294,80.01356198399849,4.496972595975525,4.5939366447585765
28,833000000,wheel_left_joint,wheel_right_joint,78.48513769550662,80.16975562055732,4.49697173273742,4.593936518619372
28,867000000,wheel_left_joint,wheel_right_joint,78.6380345578143,80.32594925695415,4.49697231537814,4.593936851642414
28,901000000,wheel_left_joint,wheel_right_joint,78.79093142130137,80.48214289618373,4.496971092491567,4.593936522537797
28,935000000,wheel_left_joint,wheel_right_joint,78.94382827739818,80.63833654245414,4.496971364688556,4.5939366042428915
28,969000000,wheel_left_joint,wheel_right_joint,79.09672513647027,80.79453018518778,4.496971977610246,4.593936597663269
29,3000000,wheel_left_joint,wheel_right_joint,79.24962199780236,80.9507238224676,4.496971339350866,4.593935669068559
29,37000000,wheel_left_joint,wheel_right_joint,79.40251885693837,81.10691746172212,4.496972432703089,4.5939367956661
29,71000000,wheel_left_joint,wheel_right_joint,79.55541571640738,81.26311110306666,4.496972152326846,4.593937005962532
29,105000000,wheel_left_joint,wheel_right_joint,79.70831258703103,81.41930473110588,4.496971864676588,4.593935111594765
29,139000000,wheel_left_joint,wheel_right_joint,79.86120946537274,81.5754983554023,4.496971818297461,4.593935947363607
29,173000000,wheel_left_joint,wheel_right_joint,80.01410632971391,81.73169198804943,4.4969721477419435,4.5939370143511615
29,207000000,wheel_left_joint,wheel_right_joint,80.16700319394306,81.88788562782148,4.496971897569755,4.593936405148199
29,241000000,wheel_left_joint,wheel_right_joint,80.31990005552096,82.04407926266971,4.496972385235998,4.593936831134602
29,275000000,wheel_left_joint,wheel_right_joint,80.47279691441862,82.20027290548394,4.496971764299111,4.593937181022239
29,309000000,wheel_left_joint,wheel_right_joint,80.6256937705971,82.35646655091026,4.4969712603063465,4.593936485868593
29,343000000,wheel_left_joint,wheel_right_joint,80.77859063280906,82.51266018999223,4.496971812985062,4.5939364033897645
29,377000000,wheel_left_joint,wheel_right_joint,80.93148749656619,82.66885382718364,4.496972109315064,4.593936576277535
29,411000000,wheel_left_joint,wheel_right_joint,81.08438435811368,82.82504746173672,4.49697232821718,4.593936830113043
29,445000000,wheel_left_joint,wheel_right_joint,81.23728123359157,82.98124108453668,4.496971849895982,4.593935105042562
29,479000000,wheel_left_joint,wheel_right_joint,81.39017811141534,83.1374347106171,4.496971687111012,4.593936077519261
29,513000000,wheel_left_joint,wheel_right_joint,81.54307497638901,83.29362834334354,4.496972389398253,4.593936831916862
29,547000000,wheel_left_joint,wheel_right_joint,81.69597184248805,83.4498219816132,4.4969719701798985,4.593936308538486
29,581000000,wheel_left_joint,wheel_right_joint,81.8488687058506,83.6060156177993,4.496971293694486,4.593935761066389
29,615000000,wheel_left_joint,wheel_right_joint,82.00176556130002,83.76220926169754,4.496972312571625,4.5939369186954995
29,649000000,wheel_left_joint,wheel_right_joint,82.15466241960763,83.91840290513593,4.496972169990476,4.593936989635226
29,683000000,wheel_left_joint,wheel_right_joint,82.30755928315781,84.07459654328348,4.496971226231412,4.5939363253901835
29,717000000,wheel_left_joint,wheel_right_joint,82.46045614478885,84.23079018290957,4.49697147214423,4.593936454336199
29,751000000,wheel_left_joint,wheel_right_joint,82.61335300391053,84.38698382449832,4.496971905015923,4.593936645841388
29,785000000,wheel_left_joint,wheel_right_joint,82.76624986432978,84.5431774593853,4.496972499983147,4.593936716609975
29,819000000,wheel_left_joint,wheel_right_joint,82.91914674169607,84.69937108463627,4.4969725218774865,4.593936066117725
29,853000000,wheel_left_joint,wheel_right_joint,83.07204361172369,84.8555647114051,4.496971387177777,4.593936195074711
29,887000000,wheel_left_joint,wheel_right_joint,83.2249404727637,85.01175834678547,4.496972474717388,4.5939367612676065
29,921000000,wheel_left_joint,wheel_right_joint,83.37783734025965,85.16795198181171,4.496971829902101,4.593936448691695
29,955000000,wheel_left_joint,wheel_right_joint,83.530734202369,85.32414561634296,4.496972253823029,4.5939369060496045
29,989000000,wheel_left_joint,wheel_right_joint,83.68363106199948,85.48033925836036,4.496970986873688,4.593936616824572
30,23000000,wheel_left_joint,wheel_right_joint,83.83652791655116,85.63653290527272,4.496971397416801,4.593936582703661
30,57000000,wheel_left_joint,wheel_right_joint,83.9894247775113,85.79272654555798,4.496972058935853,4.593936552954046
30,91000000,wheel_left_joint,wheel_right_joint,84.1423216405045,85.94892018120254,4.496971349636657,4.5939356255874735
30,125000000,wheel_left_joint,wheel_right_joint,84.2952185010167,86.10511381910841,4.496972485263638,4.593936749831041
30,159000000,wheel_left_joint,wheel_right_joint,84.44811536361061,86.26130745782642,4.496972250463558,4.593936916438181
30,193000000,wheel_left_joint,wheel_right_joint,84.60101223209502,86.41750109169111,4.4969717852654165,4.59393594465056
30,227000000,wheel_left_joint,wheel_right_joint,84.75390910700224,86.57369471321884,4.496972645093677,4.593936528359358
30,261000000,wheel_left_joint,wheel_right_joint,84.90680598277937,86.72988833568355,4.49697162116937,4.593935314159287
30,295000000,wheel_left_joint,wheel_right_joint,85.05970285244615,86.88608196884746,4.496971567841385,4.593936200258938
30,329000000,wheel_left_joint,wheel_right_joint,85.2125997179431,87.04227560023376,4.496972509434786,4.593936707565543
30,363000000,wheel_left_joint,wheel_right_joint,85.36549657915847,87.19846924099274,4.496971758073019,4.593937185551026
30,397000000,wheel_left_joint,wheel_right_joint,85.51839343287796,87.35466288904641,4.496971165568341,4.593936587250274
30,431000000,wheel_left_joint,wheel_right_joint,85.67129029220143,87.51085653088661,4.4969717767545845,4.5939364684306065
30,465000000,wheel_left_joint,wheel_right_joint,85.82418715402913,87.66705016960377,4.496972080955525,4.5939366590629085
30,499000000,wheel_left_joint,wheel_right_joint,85.97708401184882,87.82324380678837,4.49697221589175,4.5939369407314095
30,533000000,wheel_left_joint,wheel_right_joint,86.12998088204567,87.97943743305153,4.496971708843353,4.593935200751657
30,567000000,wheel_left_joint,wheel_right_joint,86.2828777547735,88.13563106157628,4.496971587496283,4.59393617018028
30,601000000,wheel_left_joint,wheel_right_joint,86.43577461108548,88.29182470047513,4.496972446167025,4.593936797796459
30,635000000,wheel_left_joint,wheel_right_joint,86.58867147072489,88.44801834192104,4.49697187510485,4.593937072611019
30,669000000,wheel_left_joint,wheel_right_joint,86.74156832832801,88.6042119855506,4.496971222353856,4.593936531895607
30,703000000,wheel_left_joint,wheel_right_joint,86.8944651868121,88.7604056278968,4.49697171536805,4.593936533214154
30,737000000,wheel_left_joint,wheel_right_joint,87.0473620485712,88.91659926669206,4.496972153895629,4.593936596899655
30,771000000,wheel_left_joint,wheel_right_joint,87.20025890891263,89.07279290192734,4.496972712308376,4.593936532754124
30,805000000,wheel_left_joint,wheel_right_joint,87.3531557842417,89.22898652832737,4.496972380005278,4.593935870306429
30,839000000,wheel_left_joint,wheel_right_joint,87.50605266045767,89.38518014837675,4.496971413942913,4.593935917953803
30,873000000,wheel_left_joint,wheel_right_joint,87.65894952929378,89.5413737820132,4.4969722466033115,4.593936507686117
30,907000000,wheel_left_joint,wheel_right_joint,87.81184639127824,89.69756741680055,4.496972061256172,4.59393689611138
30,941000000,wheel_left_joint,wheel_right_joint,87.96474325643908,89.85376105604958,4.496971335163652,4.5939364397088855
30,975000000,wheel_left_joint,wheel_right_joint,88.11764011569592,90.00995469741032,4.496971742516474,4.593936527002809
31,9000000,wheel_left_joint,wheel_right_joint,88.26950930004885,90.1651206923992,3.4697598699847507,3.5667676965344604
31,43000000,wheel_left_joint,wheel_right_joint,88.38635716188729,90.28526213309993,2.439072607744286,2.535903917822932
31,77000000,wheel_left_joint,wheel_right_joint,88.46817809235102,90.37036955925217,1.4088787930901054,1.505497358427743
31,111000000,wheel_left_joint,wheel_right_joint,88.51496870623878,90.42044583529426,0.3784871715500944,0.4752792193794612
31,145000000,wheel_left_joint,wheel_right_joint,88.5273765988001,90.4360525485962,0.00022562383107939139,0.001811553535023565
31,179000000,wheel_left_joint,wheel_right_joint,88.52730533721291,90.43612307549601,-0.002114788396794393,0.002075103053789069
31,213000000,wheel_left_joint,wheel_right_joint,88.52728844608032,90.43613973444594,0.000990984686000515,-0.0009734395936457019
31,247000000,wheel_left_joint,wheel_right_joint,88.52733332350117,90.436095828029,0.000935093831889645,-0.0009161029903235946
31,281000000,wheel_left_joint,wheel_right_joint,88.5273322614704,90.43609741247772,-0.0007466588561460055,0.0007330545505624675
31,315000000,wheel_left_joint,wheel_right_joint,88.52731088735723,90.43611921300264,6.940163412579112e-05,0.00046575449884530325
31,349000000,wheel_left_joint,wheel_right_joint,88.52732415877534,90.4361074980918,0.0009319423679128511,-0.0004638903581041555
31,383000000,wheel_left_joint,wheel_right_joint,88.52734398151544,90.43608995139225,0.000526712578138677,-1.0170010250123984e-05
31,417000000,wheel_left_joint,wheel_right_joint,88.52734633828634,90.43608983220484,0.00020686112833637974,0.0002814149823378957
31,451000000,wheel_left_joint,wheel_right_joint,88.52735174237648,90.43608677601316,0.0005655231191341371,-5.8175677175122554e-05
31,485000000,wheel_left_joint,wheel_right_joint,88.52736652378408,90.43607456427789,0.0006566518228881276,-0.00013000541187719466
31,519000000,wheel_left_joint,wheel_right_joint,88.5273772422906,90.43606641852651,0.0004507858962412184,9.938312159841144e-05
31,553000000,wheel_left_joint,wheel_right_joint,88.52738382208715,90.43606252272872,0.00048401295867667084,0.0001156556864263707
31,587000000,wheel_left_joint,wheel_right_joint,88.52739388231261,90.43605550624822,0.0006051941794686421,9.963928197497147e-06
31,621000000,wheel_left_joint,wheel_right_joint,88.52740396872305,90.43604830223589,0.00045051502411542696,0.00010116957238983683
31,655000000,wheel_left_joint,wheel_right_joint,88.52740703535031,90.43604719564375,0.00024084888776372982,0.00028785065141290894
31,689000000,wheel_left_joint,wheel_right_joint,88.52740672262134,90.43604907655074,-1.287671475057664e-05,1.1875871089192698e-05
31,723000000,wheel_left_joint,wheel_right_joint,88.52740795865843,90.4360488295513,0.00029849482808593474,0.00021984234982939596
31,757000000,wheel_left_joint,wheel_right_joint,88.52740932406743,90.43604841150122,4.39109728044779e-05,3.98115028345785e-05
31,791000000,wheel_left_joint,wheel_right_joint,88.52740895847381,90.43604925496662,0.00023182506423124636,0.0002873084717600577
31,825000000,wheel_left_joint,wheel_right_joint,88.52740877042517,90.43605000359388,0.00025603983839681297,0.00026012106101588265
31,859000000,wheel_left_joint,wheel_right_joint,88.52740935954074,90.4360501474044,4.698854014241732e-06,-5.083044760083571e-06
31,893000000,wheel_left_joint,wheel_right_joint,88.52740951873264,90.43605074710759,0.00019727675114361576,0.00023677291410678647
31,927000000,wheel_left_joint,wheel_right_joint,88.52740932551123,90.43605227090323,-2.857971812759378e-05,2.9576805963964746e-05
31,961000000,wheel_left_joint,wheel_right_joint,88.52740898788588,90.43605404508796,0.00018406359435607905,0.0002601021281309424
31,995000000,wheel_left_joint,wheel_right_joint,88.52740824540855,90.43605645086689,0.0001484707819862912,0.00027074407811887146
32,29000000,wheel_left_joint,wheel_right_joint,88.52740662882667,90.4360598515401,0.00010891890902449929,0.0002908617915901852
32,63000000,wheel_left_joint,wheel_right_joint,88.52740407615484,90.43606418247872,8.259765060957306e-05,0.0003077121040519127
32,97000000,wheel_left_joint,wheel_right_joint,88.52740108986511,90.43606890311347,7.434328410425785e-05,0.0003110992317030775
32,131000000,wheel_left_joint,wheel_right_joint,88.5273979008428,90.43607377471011,7.799775779914267e-05,0.0003212313422287748
32,165000000,wheel_left_joint,wheel_right_joint,88.52739478621928,90.43607857105229,-0.00010861290938366311,0.00011752152695645394
32,199000000,wheel_left_joint,wheel_right_joint,88.52739197138617,90.43608280313194,0.00011203783097727283,0.0003102862842789666
32,233000000,wheel_left_joint,wheel_right_joint,88.52738959287345,90.43608660642367,-8.659243650052835e-05,8.621119331538637e-05
32,267000000,wheel_left_joint,wheel_right_joint,88.52738747986108,90.43608978054762,0.00016068770098794267,0.0003050534731679731
32,301000000,wheel_left_joint,wheel_right_joint,88.52738589764418,90.4360926022571,-2.762251718425564e-05,9.916369886830718e-05
32,335000000,wheel_left_joint,wheel_right_joint,88.52738430966825,90.43609500849418,-5.7544085263175945e-05,5.621881664850904e-05
32,369000000,wheel_left_joint,wheel_right_joint,88.52738286614232,90.43609742219074,0.0001943830750243684,0.00031335080727480565
32,403000000,wheel_left_joint,wheel_right_joint,88.52738135630595,90.43610000774412,-6.567978636329188e-05,6.373687960763174e-05
32,437000000,wheel_left_joint,wheel_right_joint,88.52737965096392,90.43610300872965,-3.9904751516333216e-05,0.00011725722127800694
32,471000000,wheel_left_joint,wheel_right_joint,88.52737747358395,90.4361064361415,0.00017382543636769573,0.00035780550425120513
32,505000000,wheel_left_joint,wheel_right_joint,88.52737490974194,90.43611056304074,0.00013907311041865206,0.00035475695126895414
32,539000000,wheel_left_joint,wheel_right_joint,88.52737208990526,90.43611539524142,0.00016961698738027524,0.0004097271959562982
32,573000000,wheel_left_joint,wheel_right_joint,88.52736902295757,90.43612074995526,0.0001806501325779834,0.000445072833816717
32,607000000,wheel_left_joint,wheel_right_joint,88.52736575233004,90.43612672541354,0.00022188956956029077,0.0005091214520456958
32,641000000,wheel_left_joint,wheel_right_joint,88.52736253481467,90.43613313721963,0.00018376816167388745,0.0004708021088939777
32,675000000,wheel_left_joint,wheel_right_joint,88.52735970896441,90.43613899827879,-0.00011142435350507455,0.00011021414126438124
32,709000000,wheel_left_joint,wheel_right_joint,88.5273577846564,90.43614320103045,0.00018407790440378314,0.0003326116236703307
32,743000000,wheel_left_joint,wheel_right_joint,88.52735664271344,90.43614626668713,0.0001564378021852819,0.0002746574146561078
32,777000000,wheel_left_joint,wheel_right_joint,88.52735550124936,90.43614877552437,0.0001326962644500121,0.00023648024329378427
32,811000000,wheel_left_joint,wheel_right_joint,88.52735458440152,90.43615083895926,-3.673369790183328e-05,3.557900462690172e-05
32,845000000,wheel_left_joint,wheel_right_joint,88.52735402880417,90.43615233513734,0.00011364426465629036,0.0001681962341702906
32,879000000,wheel_left_joint,wheel_right_joint,88.52735361520476,90.43615363367375,-2.2374220395086648e-05,2.9228286078254034e-05
32,913000000,wheel_left_joint,wheel_right_joint,88.52735311371384,90.43615479422733,8.669051000524761e-05,0.00013556237200513025
32,947000000,wheel_left_joint,wheel_right_joint,88.52735270031732,90.4361558479475,-1.9297803896645637e-05,1.902576768202124e-05
32,981000000,wheel_left_joint,wheel_right_joint,88.52735241177857,90.43615683828642,-1.6827287695798682e-05,2.1725485981610097e-05
33,15000000,wheel_left_joint,wheel_right_joint,88.52735205972337,90.4361577813202,5.603085262699905e-05,9.567219439334668e-05
33,49000000,wheel_left_joint,wheel_right_joint,88.52735174324937,90.43615872820145,-8.270081651283283e-06,2.8317280653012908e-05
33,83000000,wheel_left_joint,wheel_right_joint,88.52735144767398,90.43615957243868,3.889901612557766e-05,7.18537159439057e-05
33,117000000,wheel_left_joint,wheel_right_joint,88.52735120185304,90.43616036741798,3.062130231800753e-05,6.099574453940289e-05
33,151000000,wheel_left_joint,wheel_right_joint,88.52735098134198,90.43616107546497,-1.1719385483740781e-05,1.4027886798857986e-05
33,185000000,wheel_left_joint,wheel_right_joint,88.5273508248718,90.43616169726673,2.0220834052781748e-05,4.2025288799856213e-05
33,219000000,wheel_left_joint,wheel_right_joint,88.52735070295753,90.43616222490282,1.3157710985306948e-05,3.106595900476724e-05
33,253000000,wheel_left_joint,wheel_right_joint,88.52735062597716,90.43616268953784,1.3732126136350737e-05,2.8434805662234117e-05
33,287000000,wheel_left_joint,wheel_right_joint,88.52735058577247,90.43616307694406,-5.325069622104557e-06,5.79279058849822e-06
33,321000000,wheel_left_joint,wheel_right_joint,88.52735059432811,90.43616344051577,1.1715693474148147e-05,2.159148132681787e-05
33,355000000,wheel_left_joint,wheel_right_joint,88.5273505887446,90.4361637347725,-3.646092562169679e-06,4.046619128784002e-06
33,389000000,wheel_left_joint,wheel_right_joint,88.52735062859404,90.43616400400883,8.054325709722608e-06,1.4086299501944038e-05
33,423000000,wheel_left_joint,wheel_right_joint,88.52735066849259,90.43616422198821,-2.127637960407363e-06,2.6429570536741238e-06
33,457000000,wheel_left_joint,wheel_right_joint,88.52735072555919,90.43616443562675,8.396263765665483e-06,1.2957091508834654e-05
33,491000000,wheel_left_joint,wheel_right_joint,88.52735076607328,90.43616462470945,3.7291915575086835e-06,7.669342287329201e-06
33,525000000,wheel_left_joint,wheel_right_joint,88.52735082164733,90.43616480580732,-1.2786077151999778e-06,2.112949416553699e-06
33,559000000,wheel_left_joint,wheel_right_joint,88.52735087850607,90.4361649729022,5.139695404252661e-06,8.24408030286448e-06
33,593000000,wheel_left_joint,wheel_right_joint,88.52735092657858,90.43616512199144,-1.0903707833573913e-06,1.6114572116032082e-06
33,627000000,wheel_left_joint,wheel_right_joint,88.52735098899586,90.4361652732092,3.6597119597724277e-06,6.046455374530946e-06
33,661000000,wheel_left_joint,wheel_right_joint,88.52735104317648,90.43616540643927,-4.2958464211903784e-07,1.7821224710016874e-06
33,695000000,wheel_left_joint,wheel_right_joint,88.527351099308,90.4361655362872,1.8623180336826582e-06,3.779404098804744e-06
33,729000000,wheel_left_joint,wheel_right_joint,88.52735115289161,90.4361656476113,1.1198788492018013e-06,2.49801457423524e-06
33,763000000,wheel_left_joint,wheel_right_joint,88.52735120929387,90.43616574663518,5.625572578785805e-07,1.6449046569677996e-06
33,797000000,wheel_left_joint,wheel_right_joint,88.5273512650479,90.4361658404483,-2.15205526443653e-07,7.837866108390424e-07
33,831000000,wheel_left_joint,wheel_right_joint,88.52735132134393,90.43616593124027,3.588833914340041e-07,1.1794827025665266e-06
33,865000000,wheel_left_joint,wheel_right_joint,88.52735137678448,90.43616601263624,1.1541299544531869e-07,6.585624066392237e-07
33,899000000,wheel_left_joint,wheel_right_joint,88.52735143333791,90.436166088198,5.2761034297381035e-08,4.8549568787545e-07
33,933000000,wheel_left_joint,wheel_right_joint,88.52735148959434,90.43616616262591,7.49902772764939e-08,5.18550466893121e-07
33,967000000,wheel_left_joint,wheel_right_joint,88.52735154660579,90.43616623664118,8.199199053211814e-09,3.656197827906285e-07
34,1000000,wheel_left_joint,wheel_right_joint,88.52735160454276,90.43616630813975,1.6503734354914729e-07,4.4036137582335183e-07
34,35000000,wheel_left_joint,wheel_right_joint,88.52735166403322,90.43616637985656,3.833330756183688e-08,3.0622470959060927e-07
34,69000000,wheel_left_joint,wheel_right_joint,88.52735172298495,90.43616645077273,1.6850865932824255e-07,4.1858924884142015e-07
34,103000000,wheel_left_joint,wheel_right_joint,88.5273517828004,90.43616652144931,8.378656988391174e-09,2.1546059200326878e-07
34,137000000,wheel_left_joint,wheel_right_joint,88.5273518433121,90.43616659145239,-2.19754391530126e-08,1.519096324719858e-07
34,171000000,wheel_left_joint,wheel_right_joint,88.52735190361521,90.43616666071773,-4.707522647981162e-09,1.6805235107561186e-07
34,205000000,wheel_left_joint,wheel_right_joint,88.52735196362995,90.43616672915233,-6.245840518373969e-08,8.174094409008097e-08
34,239000000,wheel_left_joint,wheel_right_joint,88.52735202319366,90.43616679610614,2.1870072893373716e-07,3.3945934047374996e-07
34,273000000,wheel_left_joint,wheel_right_joint,88.52735208255852,90.43616686216168,-1.3380082188274535e-07,-2.7335591257763745e-08
34,307000000,wheel_left_joint,wheel_right_joint,88.52735214090842,90.43616692696703,2.21469768675413e-07,3.308084667956717e-07
34,341000000,wheel_left_joint,wheel_right_joint,88.52735219853872,90.4361669909602,-2.561534447593052e-07,-1.5734545618956586e-07
34,375000000,wheel_left_joint,wheel_right_joint,88.52735225596078,90.43616705435755,-3.1333422295383266e-07,-2.3249190888533638e-07
34,409000000,wheel_left_joint,wheel_right_joint,88.52735231325917,90.43616711730513,-2.9747667111296866e-07,-2.1318411113410013e-07
34,443000000,wheel_left_joint,wheel_right_joint,88.52735237062626,90.43616718039442,1.4507609902444062e-07,2.3794237424368085e-07
34,477000000,wheel_left_joint,wheel_right_joint,88.52735242858789,90.43616724394562,-2.838328949446474e-07,-2.007628104353735e-07
34,511000000,wheel_left_joint,wheel_right_joint,88.52735248700658,90.43616730781176,-3.012997325548255e-07,-2.2229207916838606e-07
34,545000000,wheel_left_joint,wheel_right_joint,88.52735254591451,90.43616737223209,2.543961827489215e-07,3.4750647463126574e-07
34,579000000,wheel_left_joint,wheel_right_joint,88.52735260512333,90.43616743693994,-2.3396856873572278e-07,-1.532674520114078e-07
34,613000000,wheel_left_joint,wheel_right_joint,88.52735266487745,90.43616750197907,2.616382773689904e-07,3.4885642776730404e-07
34,647000000,wheel_left_joint,wheel_right_joint,88.52735272502818,90.43616756732435,-1.8705989044331614e-07,-1.1179227143000639e-07
34,681000000,wheel_left_joint,wheel_right_joint,88.52735278532388,90.43616763267862,-8.95582191956859e-08,-1.52520124368713e-08
34,715000000,wheel_left_joint,wheel_right_joint,88.52735284582604,90.43616769804818,-1.6059847344601077e-07,-9.411381634975326e-08
34,749000000,wheel_left_joint,wheel_right_joint,88.5273529062614,90.4361677631705,2.667250604896708e-07,3.417077823505379e-07
34,783000000,wheel_left_joint,wheel_right_joint,88.52735296662938,90.43616782811893,-1.6646058350076659e-07,-1.0420190405528067e-07
34,817000000,wheel_left_joint,wheel_right_joint,88.52735302666844,90.43616789261017,2.439855802905343e-07,3.099120725645957e-07
34,851000000,wheel_left_joint,wheel_right_joint,88.52735308641596,90.43616795668488,-1.9071296280924336e-07,-1.3367731244699364e-07
34,885000000,wheel_left_joint,wheel_right_joint,88.5273531457397,90.43616802018526,2.615224421717078e-07,3.260316892181271e-07
34,919000000,wheel_left_joint,wheel_right_joint,88.5273532046089,90.43616808330555,-2.5694986279011303e-07,-1.9633550887583184e-07
34,953000000,wheel_left_joint,wheel_right_joint,88.5273532633351,90.43616814628481,2.421584375790443e-07,3.0819605221273777e-07
34,987000000,wheel_left_joint,wheel_right_joint,88.52735332186364,90.43616820901077,-3.054265994061143e-07,-2.477435632332152e-07
35,21000000,wheel_left_joint,wheel_right_joint,88.52735338070607,90.43616827208153,2.5839270635305556e-07,3.289316967859798e-07
35,55000000,wheel_left_joint,wheel_right_joint,88.5273534392311,90.4361683348837,1.614373099005726e-07,2.320182056086452e-07
35,89000000,wheel_left_joint,wheel_right_joint,88.5273534982728,90.43616839819093,-2.745080777096561e-07,-2.1179612635121962e-07
35,123000000,wheel_left_joint,wheel_right_joint,88.52735355793624,90.43616846213509,2.5875724730364986e-07,3.300846593195855e-07
35,157000000,wheel_left_joint,wheel_right_joint,88.52735361780525,90.43616852622638,-2.1092809398659106e-07,-1.486536652448153e-07
35,191000000,wheel_left_joint,wheel_right_joint,88.5273536779258,90.43616859047407,-1.2619158403328386e-07,-6.509218352681017e-08
35,225000000,wheel_left_joint,wheel_right_joint,88.52735373807506,90.43616865473301,-1.6780032768902269e-07,-1.0451465116056644e-07
35,259000000,wheel_left_joint,wheel_right_joint,88.52735379847553,90.4361687192347,-2.0465720112377607e-07,-1.4499778654131473e-07
35,293000000,wheel_left_joint,wheel_right_joint,88.5273538590507,90.43616878383746,-9.756864686403513e-08,-3.771781271078717e-08
35,327000000,wheel_left_joint,wheel_right_joint,88.52735391966175,90.43616884842612,-1.7139161307625893e-07,-1.1204902661032844e-07
35,361000000,wheel_left_joint,wheel_right_joint,88.52735398005142,90.4361689127646,2.703630417918014e-07,3.3736691941479405e-07
35,395000000,wheel_left_joint,wheel_right_joint,88.52735404028347,90.43616897692056,-1.6567904152114173e-07,-1.0615513443572224e-07
35,429000000,wheel_left_joint,wheel_right_joint,88.52735410042848,90.43616904097817,-2.12888858901715e-07,-1.5418260041768182e-07
35,463000000,wheel_left_joint,wheel_right_joint,88.52735416013068,90.43616910457774,2.596101597421882e-07,3.259446851180763e-07
35,497000000,wheel_left_joint,wheel_right_joint,88.52735421942961,90.43616916778059,-2.5064804099448907e-07,-1.9121339340838397e-07
35,531000000,wheel_left_joint,wheel_right_joint,88.52735427862716,90.43616923089887,2.659888416274483e-07,3.3516054924031397e-07
